-- phpMyAdmin SQL Dump
-- version 3.2.4
-- http://www.phpmyadmin.net
--
-- Host: localhost
-- Generation Time: Nov 07, 2012 at 03:58 PM
-- Server version: 5.1.41
-- PHP Version: 5.3.1

SET SQL_MODE="NO_AUTO_VALUE_ON_ZERO";


/*!40101 SET @OLD_CHARACTER_SET_CLIENT=@@CHARACTER_SET_CLIENT */;
/*!40101 SET @OLD_CHARACTER_SET_RESULTS=@@CHARACTER_SET_RESULTS */;
/*!40101 SET @OLD_COLLATION_CONNECTION=@@COLLATION_CONNECTION */;
/*!40101 SET NAMES utf8 */;

--
-- Database: `cobit`
--

-- --------------------------------------------------------

--
-- Table structure for table `domain`
--

CREATE TABLE IF NOT EXISTS `domain` (
  `domain_id` int(11) NOT NULL AUTO_INCREMENT,
  `domain_short_name` varchar(45) DEFAULT NULL,
  `domain_name` varchar(100) DEFAULT NULL,
  `domain_desc` text,
  PRIMARY KEY (`domain_id`)
) ENGINE=InnoDB  DEFAULT CHARSET=latin1 AUTO_INCREMENT=5 ;

--
-- Dumping data for table `domain`
--

INSERT INTO `domain` (`domain_id`, `domain_short_name`, `domain_name`, `domain_desc`) VALUES
(1, 'PO', 'Planning and Organisation', 'Merupakan domain yang menitiberatkan kepada proses perencanaan penerapan TI dan keselarasannya dengan tujuan yang ingin dicapai oleh perusahaan secara umum. Domain ini meliputi taktik dan strategi, serta menyangkut masalah pengidentifikasian cara terbaik TI untuk memberikan kontribusi yang maksimal terhadap pencapaian tujuan bisnis perusahaan.'),
(2, 'AI', 'Acquisition and Implementation', 'Domain ini menitikberatkan kepada proses pemilihan teknologi yang akan digunakan dan proses penerapannya. Untuk merealisasikan strategi TI yang telah ditetapkan harus disertai solusi-solusi yang sesuai, solusi TI kemudian diadakan dan diimplementasikan dan diintegrasikan ke dalam proses bisnis perusahaan.'),
(3, 'DS', 'Delivery and Support', 'Domain ini menyangkut permasalahan pemenuhan layanan TI, keamanan sistem, kesinambungan layanan, pelatihan dan pendidikan untuk pengguna, dan pengelolaan data yang sedang berjalan. '),
(4, 'ME', 'Monitoring and Evaluation', 'Seluruh kendali-kendali yang diterapkan pada setiap proses TI harus diawasi dan dinilai kelayakannya secara berkala. Domain ini berfokus pada masalah kendali-kendali yang diterapkan dalam perusahaan, pemeriksaaan internal dan eksternal ');

-- --------------------------------------------------------

--
-- Table structure for table `maturity_model`
--

CREATE TABLE IF NOT EXISTS `maturity_model` (
  `maturity_model_id` int(11) NOT NULL AUTO_INCREMENT,
  `maturity_model_level` int(11) DEFAULT NULL,
  `maturity_model_name` varchar(100) DEFAULT NULL,
  PRIMARY KEY (`maturity_model_id`)
) ENGINE=InnoDB  DEFAULT CHARSET=latin1 AUTO_INCREMENT=7 ;

--
-- Dumping data for table `maturity_model`
--

INSERT INTO `maturity_model` (`maturity_model_id`, `maturity_model_level`, `maturity_model_name`) VALUES
(1, 0, 'Non Existent'),
(2, 1, 'Initial/AdHoc'),
(3, 2, 'Repeatable but Intuitive'),
(4, 3, 'Defined'),
(5, 4, 'Managed and Measurable'),
(6, 5, 'Optimised');

-- --------------------------------------------------------

--
-- Table structure for table `process`
--

CREATE TABLE IF NOT EXISTS `process` (
  `process_id` int(11) NOT NULL AUTO_INCREMENT,
  `domain_id` int(11) NOT NULL,
  `process_short_name` varchar(45) DEFAULT NULL,
  `process_name` varchar(100) DEFAULT NULL,
  `process_desc` varchar(200) DEFAULT NULL,
  PRIMARY KEY (`process_id`,`domain_id`),
  KEY `fk_process_domain` (`domain_id`)
) ENGINE=InnoDB  DEFAULT CHARSET=latin1 AUTO_INCREMENT=40 ;

--
-- Dumping data for table `process`
--

INSERT INTO `process` (`process_id`, `domain_id`, `process_short_name`, `process_name`, `process_desc`) VALUES
(6, 1, 'PO1', 'Define a Strategic IT Plan ', NULL),
(7, 1, 'PO2', 'Define the Information Architecture ', NULL),
(8, 2, 'AI1', 'Identify Automated Solutions', NULL),
(9, 2, 'AI2', 'Acquire and  Maintain application Software ', NULL),
(10, 3, 'DS1', 'Define and Manage Service Level', NULL),
(11, 3, 'DS2', 'Manage Third-Party Services', NULL),
(12, 4, 'ME1', 'Monitoring and Evaluate IT Performance', NULL),
(13, 4, 'ME2', 'Manage Third-Party Services', NULL),
(14, 4, 'ME3', 'Ensure regulatory Compliance', NULL),
(15, 4, 'ME4', 'Provide IT Governance', NULL),
(16, 1, 'PO3', 'Determine Technological Direction', NULL),
(17, 1, 'PO4', 'Define the IT Organisation and Relationships', NULL),
(18, 1, 'PO5', 'Manage the IT Invesment', NULL),
(19, 1, 'PO6', 'Communicate Management Aims and Direction', NULL),
(20, 1, 'PO7', 'Manage Human Resources', NULL),
(21, 1, 'PO8', 'Manage Quality', NULL),
(22, 1, 'PO9', 'Assess and Manage IT Risks', NULL),
(23, 1, 'PO10', 'Manage Projects', NULL),
(24, 2, 'AI3', 'Acquire and Maintain Technology Infrastructure', NULL),
(25, 2, 'AI4', 'Enable Operation and Use', NULL),
(26, 2, 'AI5', 'Procure IT Resources', NULL),
(27, 2, 'AI6', 'Manage Changes', NULL),
(28, 2, 'AI7', 'Install and Accredit Solution and Changes', NULL),
(29, 3, 'DS3', 'Manage Performance and Capacity', NULL),
(30, 3, 'DS4', 'Ensure Continuous Service', NULL),
(31, 3, 'DS5', 'Ensure System Security', NULL),
(32, 3, 'DS6', 'Identify and Allocate Costs', NULL),
(33, 3, 'DS7', 'Educate and Train Users', NULL),
(34, 3, 'DS8', 'Assist  and Advice Customers', NULL),
(35, 3, 'DS9', 'Manage the Configuration', NULL),
(36, 3, 'DS10', 'Manage  Problems and Incidents', NULL),
(37, 3, 'DS11', 'Manage Data', NULL),
(38, 3, 'DS12', 'Manage Facilities', NULL),
(39, 3, 'DS13', 'Manage Operations', NULL);

-- --------------------------------------------------------

--
-- Table structure for table `process_audit`
--

CREATE TABLE IF NOT EXISTS `process_audit` (
  `audit_id` int(11) NOT NULL AUTO_INCREMENT,
  `project_id` int(11) NOT NULL,
  `process_id` int(11) NOT NULL,
  `domain_id` int(11) NOT NULL,
  PRIMARY KEY (`audit_id`,`project_id`,`process_id`,`domain_id`),
  KEY `fk_audit` (`process_id`,`domain_id`),
  KEY `fk_project_has_process_project1` (`project_id`)
) ENGINE=InnoDB  DEFAULT CHARSET=latin1 AUTO_INCREMENT=98 ;

--
-- Dumping data for table `process_audit`
--

INSERT INTO `process_audit` (`audit_id`, `project_id`, `process_id`, `domain_id`) VALUES
(87, 10, 10, 3),
(88, 10, 29, 3),
(89, 10, 30, 3),
(90, 10, 33, 3),
(91, 10, 34, 3),
(92, 10, 36, 3),
(93, 10, 37, 3),
(94, 10, 38, 3),
(95, 10, 12, 4),
(96, 10, 13, 4),
(97, 10, 15, 4);

-- --------------------------------------------------------

--
-- Table structure for table `process_statement`
--

CREATE TABLE IF NOT EXISTS `process_statement` (
  `statement_id` int(11) NOT NULL AUTO_INCREMENT,
  `maturity_model_id` int(11) NOT NULL,
  `process_id` int(11) NOT NULL,
  `domain_id` int(11) NOT NULL,
  `statement_name` text,
  PRIMARY KEY (`statement_id`,`maturity_model_id`,`process_id`,`domain_id`),
  KEY `fk_statement` (`process_id`,`domain_id`),
  KEY `fk_maturity_model_has_process_maturity_model1` (`maturity_model_id`)
) ENGINE=InnoDB  DEFAULT CHARSET=latin1 AUTO_INCREMENT=1047 ;

--
-- Dumping data for table `process_statement`
--

INSERT INTO `process_statement` (`statement_id`, `maturity_model_id`, `process_id`, `domain_id`, `statement_name`) VALUES
(1, 1, 6, 1, 'IT perencanaan strategis tidak dilakukan.\r\n'),
(2, 1, 6, 1, 'Tidak ada kesadaran bahwa manajemen TI perencanaan strategis diperlukan untuk mendukung tujuan bisnis.'),
(3, 2, 6, 1, 'Kebutuhan IT perencanaan strategis dikenal dengan manajemen TI. \r\n'),
(4, 2, 6, 1, 'IT perencanaan dilakukan pada dasar yang dibutuhkan dalam menanggapi bisnis yang spesifik kebutuhan.\r\n'),
(5, 2, 6, 1, 'IT perencanaan strategis ini kadang-kadang dibahas pada rapat manajemen TI.\r\n'),
(6, 2, 6, 1, 'Jajaran dari bisnis persyaratan, aplikasi dan teknologi berlangsung reaktif bukan oleh strategi organisationwide. \r\n'),
(7, 2, 6, 1, 'Para strategis posisi risiko diidentifikasi secara tidak resmi dalam proyek per proyek.\r\n'),
(8, 3, 6, 1, 'IT perencanaan strategis dibagi dengan manajemen bisnis pada dasar yang dibutuhkan.'),
(9, 3, 6, 1, 'Memperbarui TI berencana terjadi sebagai respons terhadap\r\npermintaan oleh manajemen.'),
(10, 3, 6, 1, 'Keputusan strategis didorong berdasarkan proyek per proyek tanpa konsistensi dengan keseluruhan organisasi strategi.'),
(11, 3, 6, 1, 'Risiko dan manfaat pengguna keputusan strategis utama diakui dengan cara yang intuitif.'),
(12, 4, 6, 1, 'Sebuah kebijakan mendefinisikan kapan dan bagaimana melakukan perencanaan TI strategis.'),
(13, 4, 6, 1, 'IT perencanaan strategis berikut pendekatan terstruktur yang\r\ndidokumentasikan dan diketahui semua staf.'),
(14, 4, 6, 1, 'Proses perencanaan TI cukup suara dan memastikan bahwa perencanaan yang tepat mungkin akan dilakukan.'),
(15, 4, 6, 1, 'Namun, kebijaksanaan diberikan kepada manajer individu sehubungan dengan pelaksanaan proses, dan tidak ada prosedur untuk memeriksa proses.'),
(16, 4, 6, 1, 'Strategi TI secara keseluruhan mencakup definisi konsisten risiko bahwa organisasi bersedia\r\nmengambil sebagai inovator atau pengikut.'),
(17, 4, 6, 1, 'TI keuangan, teknis dan sumber daya manusia semakin mempengaruhi strategi akuisisi\r\nproduk baru dan teknologi.'),
(18, 4, 6, 1, 'IT perencanaan strategis yang dibahas di pertemuan manajemen bisnis.'),
(19, 5, 6, 1, 'IT perencanaan strategis adalah praktek standar dan pengecualian akan diperhatikan oleh manajemen. '),
(20, 5, 6, 1, 'IT perencanaan strategis didefinisikan fungsi manajemen dengan tingkat senior tanggung jawab. '),
(21, 5, 6, 1, 'Manajemen dapat memantau proses perencanaan strategis TI, membuat keputusan berdasarkan itu dan mengukur efektivitasnya.'),
(22, 5, 6, 1, 'Kedua perencanaan TI jangka pendek dan jangka panjang terjadi dan mengalir ke dalam organisasi, dengan update dilakukan sesuai kebutuhan.'),
(23, 5, 6, 1, 'Strategi TI dan strategi organisationwide semakin menjadi\r\nlebih terkoordinasi dengan mengatasi proses bisnis dan nilai tambah kemampuan dan meningkatkan penggunaan aplikasi dan teknologi melalui proses bisnis rekayasa ulang.'),
(24, 5, 6, 1, 'Ada proses yang jelas untuk menentukan penggunaan internal dan sumber daya eksternal yang diperlukan dalam pengembangan sistem dan operasi.'),
(25, 6, 6, 1, 'IT perencanaan strategis adalah proses terdokumentasi hidup; terus dipertimbangkan dalam pengaturan tujuan bisnis, dan menghasilkan dilihat nilai bisnis melalui investasi di bidang TI.'),
(26, 6, 6, 1, 'Risiko dan nilai tambah pertimbangan yang terus diperbarui dalam perencanaan strategis TI\r\nproses.'),
(27, 6, 6, 1, 'Realistis jarak jauh TI rencana dikembangkan dan terus diperbarui untuk mencerminkan perubahan teknologi dan bisnis yang terkait perkembangan.'),
(28, 6, 6, 1, 'Pembandingan terhadap norma industri dipahami dengan baik dan dapat diandalkan berlangsung dan terintegrasi dengan strategi perumusan proses.'),
(29, 6, 6, 1, 'Rencana strategis mencakup bagaimana perkembangan teknologi baru dapat mendorong penciptaan bisnis baru\r\nkemampuan dan meningkatkan keunggulan kompetitif organisasi.'),
(30, 1, 16, 1, 'Tidak ada kesadaran akan pentingnya perencanaan infrastruktur teknologi untuk entitas.'),
(31, 1, 16, 1, 'Pengetahuan dan keahlian yang diperlukan untuk mengembangkan suatu rencana infrastruktur teknologi tidak ada.'),
(32, 1, 16, 1, 'Ada kurangnya pemahaman perencanaan yang untuk teknologi\r\nperubahan adalah penting untuk secara efektif mengalokasikan sumber daya.'),
(33, 2, 16, 1, 'Manajemen mengakui perlunya perencanaan teknologi infrastruktur. '),
(34, 2, 16, 1, 'pengeembangan Arsitektur sudah ada tetapi baru bersifat adhoc'),
(35, 2, 16, 1, 'Ada pendekatan yang reaktif dan secara operasional difokuskan untuk infrastruktur perencanaan.'),
(36, 2, 16, 1, 'Arah teknologi didorong oleh rencana produk sering bertentangan evolusi dari perangkat keras, perangkat lunak sistem dan aplikasi vendor perangkat lunak.'),
(37, 2, 16, 1, 'Komunikasi dari dampak potensial atas perubahan teknologi tidak konsisten.'),
(38, 3, 16, 1, 'Kebutuhan dan pentingnya perencanaan teknologi dikomunikasikan.'),
(39, 3, 16, 1, 'Perencanaan adalah taktis dan fokus pada menghasilkan solusi untuk masalah teknis, bukan pada penggunaan teknologi untuk memenuhi kebutuhan bisnis.'),
(40, 3, 16, 1, 'Evaluasi perubahan teknologi diserahkan kepada individu yang berbeda yang mengikuti intuitif, tetapi serupa, proses.'),
(41, 3, 16, 1, 'Orang memperoleh keterampilan mereka dalam perencanaan teknologi melalui tangan-\r\nbelajar dan aplikasi berulang dari teknik.'),
(42, 3, 16, 1, 'Teknik umum dan standar yang muncul untuk pengembangan infrastruktur komponen.'),
(43, 4, 16, 1, 'Manajemen menyadari pentingnya rencana infrastruktur teknologi.'),
(44, 4, 16, 1, 'Proses rencana pengembangan Infrastruktur teknologi cukup sehat dan selaras dengan rencana strategis TI.'),
(45, 4, 16, 1, 'Ada pendefinisian, pendokumentasian dan komunikasi yang baik tentang rencana teknologi  infrastruktur, tetapi tidak konsisten diterapkan.'),
(46, 4, 16, 1, 'Arah infrastruktur teknologi mencakup pemahaman tentang di mana organisasi ingin memimpin atau tertinggal dalam penggunaan teknologi, berdasarkan risiko dan keselarasan dengan strategi organisasi.'),
(47, 4, 16, 1, 'Vendor utama dipilih berdasarkan pemahaman jangka panjang teknologi mereka dan rencana pengembangan produk, konsisten dengan organisasi arah.'),
(48, 4, 16, 1, 'Terdapat pelatihan formal dan komunikasi dari peran dan tanggung jawab.'),
(49, 5, 16, 1, 'Manajemen menjamin pengembangan dan pemeliharaan rencana infrastruktur teknologi.'),
(50, 5, 16, 1, 'Anggota staf TI memiliki keahlian dan keterampilan yang diperlukan untuk mengembangkan rencana infrastruktur teknologi.'),
(51, 5, 16, 1, 'Dampak potensial berubah dan muncul teknologi diperhitungkan.'),
(52, 5, 16, 1, 'Manajemen dapat mengidentifikasi penyimpangan dari rencana dan mengantisipasi masalah.'),
(53, 5, 16, 1, 'Tanggung jawab untuk pengembangan dan pemeliharaan rencana infrastruktur teknologi telah ditetapkan.'),
(54, 5, 16, 1, 'Proses pengembangan rencana infrastruktur teknologi telah canggih dan responsif terhadap perubahan.'),
(55, 5, 16, 1, 'Praktik internal yang baik telah diperkenalkan ke dalam proses. '),
(56, 5, 16, 1, 'Perencanaan Sumber daya manusia  selaras dengan arah teknologi, untuk memastikan bahwa staf TI dapat mengelola perubahan teknologi.'),
(57, 5, 16, 1, 'Perencanaan migrasi untuk memperkenalkan teknologi baru didefinisikan.'),
(58, 5, 16, 1, 'Outsourcing dan kemitraan sedang dimanfaatkan untuk mengakses keahlian yang diperlukan dan keterampilan.'),
(59, 5, 16, 1, 'Manajemen telah menganalisis penerimaan risiko mengenai penggunaan teknologi terbaru atau lama dalam mengembangkan bisnis baru peluang atau efisiensi operasional.'),
(60, 6, 16, 1, 'Fungsi penelitian ada untuk meninjau teknologi yang muncul dan berkembang serta pembanding organisasi terhadap norma-norma industri.'),
(61, 6, 16, 1, 'Arah rencana infrastruktur teknologi dipandu oleh industri dan standar internasional dan perkembangan, bukan didorong oleh vendor teknologi.'),
(62, 6, 16, 1, 'Dampak bisnis potensial perubahan teknologi ditinjau pada tingkat manajemen senior.'),
(63, 6, 16, 1, 'Terdapat persetujuan secara formal dari esekutif dalam perubahan dan arah teknologi baru.'),
(64, 6, 16, 1, 'Entitas pengadaan program infrastruktur teknologi yang kuat yang mencerminkan kebutuhan bisnis, responsif dan dapat dimodifikasi untuk mencerminkan perubahan dalam lingkungan bisnis.'),
(65, 6, 16, 1, 'Ada sebuah proses yang berkesinambungan dan dilaksanakan di tempat untuk meningkatkan rencana infrastruktur teknologi.'),
(66, 6, 16, 1, 'Industri praktek yang baik secara ekstensif digunakan dalam menentukan arah teknologi.'),
(67, 1, 17, 1, 'Organisasi TI tidak efektif didirikan untuk fokus pada pencapaian tujuan bisnis.'),
(68, 2, 17, 1, 'TI kegiatan dan fungsi yang reaktif dan tidak konsisten dilaksanakan.'),
(69, 2, 17, 1, 'TI yang terlibat dalam proyek bisnis hanya di tahap selanjutnya.'),
(70, 2, 17, 1, 'TI fungsi dianggap sebagai fungsi dukungan, tanpa perspektif organisasi secara keseluruhan.'),
(71, 2, 17, 1, 'Ada pemahaman implisit dari\r\nperlu untuk sebuah organisasi TI, namun peran dan tanggung jawab yang tidak diformalkan atau ditegakkan.'),
(72, 3, 17, 1, 'TI berfungsi adalah terorganisir untuk menanggapi taktis, tapi tidak konsisten, dengan kebutuhan pelanggan dan hubungan vendor.'),
(73, 3, 17, 1, 'Kebutuhan akan organisasi terstruktur dan manajemen vendor dikomunikasikan, tapi keputusan masih tergantung pada pengetahuan dan keterampilan\r\nkunci individu.'),
(74, 3, 17, 1, 'Ada munculnya teknik umum untuk mengelola organisasi TI dan hubungan vendor.'),
(75, 4, 17, 1, 'Ditetapkan peran dan tanggung jawab untuk organisasi TI dan pihak ketiga ada.'),
(76, 4, 17, 1, 'Organisasi TI dikembangkan, didokumentasikan,dikomunikasikan dan diselaraskan dengan strategi TI.'),
(77, 4, 17, 1, 'Lingkungan pengendalian internal didefinisikan.'),
(78, 4, 17, 1, 'Ada formalisasi hubungan\r\ndengan pihak lain, termasuk komite pengarah, audit internal dan manajemen vendor.'),
(79, 4, 17, 1, 'Organisasi TI secara fungsional\r\nmenyelesaikan.'),
(80, 4, 17, 1, 'Ada definisi fungsi yang akan dilakukan oleh personil TI dan mereka yang akan dilakukan oleh pengguna. '),
(81, 4, 17, 1, 'Penting TI persyaratan staf dan keahlian didefinisikan dan puas.'),
(82, 4, 17, 1, 'Ada sebuah definisi formal dari hubungan dengan pengguna dan ketiga\r\npihak.'),
(83, 4, 17, 1, 'Pembagian peran dan tanggung jawab didefinisikan dan diimplementasikan.'),
(84, 5, 17, 1, 'Organisasi TI secara proaktif merespon perubahan dan mencakup semua peran yang diperlukan untuk memenuhi kebutuhan bisnis.'),
(85, 5, 17, 1, 'Manajemen TI, kepemilikan proses, akuntabilitas dan tanggung jawab didefinisikan dan seimbang.'),
(86, 5, 17, 1, 'Praktek yang baik internal telah diterapkan dalam organisasi fungsi TI.'),
(87, 5, 17, 1, 'Manajemen TI memiliki keahlian dan keterampilan yang sesuai untuk mendefinisikan, melaksanakan dan memantau\r\ndisukai organisasi dan hubungan.'),
(88, 5, 17, 1, 'Metrik terukur untuk mendukung tujuan bisnis dan user-defined faktor penentu keberhasilan (CSF) adalah standar.'),
(89, 5, 17, 1, 'Persediaan keterampilan yang tersedia untuk mendukung staf proyek dan pengembangan profesional.'),
(90, 5, 17, 1, 'Keseimbangan antara keterampilan dan sumber daya yang tersedia secara internal dan yang dibutuhkan dari organisasi eksternal didefinisikan dan ditegakkan.'),
(91, 5, 17, 1, 'TI struktur organisasi secara tepat mencerminkan kebutuhan bisnis dengan menyediakan layanan selaras dengan proses bisnis strategis,bukan dengan teknologi yang terisolasi.'),
(92, 6, 17, 1, 'Struktur organisasi TI yang fleksibel dan adaptif.'),
(93, 6, 17, 1, 'Industri praktek yang baik dikerahkan.'),
(94, 6, 17, 1, 'ekstensif menggunakan teknologi\r\nuntuk membantu dalam memantau kinerja organisasi TI dan proses.'),
(95, 6, 17, 1, 'Teknologi leveraged sesuai untuk mendukung kompleksitas dan distribusi geografis dari organisasi.'),
(96, 6, 17, 1, 'Ada proses perbaikan yang terus menerus di tempat.'),
(97, 1, 18, 1, 'Tidak ada kesadaran akan pentingnya TI pemilihan investasi dan penganggaran.'),
(98, 1, 18, 1, 'Tidak ada pelacakan atau pemantauan TI investasi dan pengeluaran.'),
(99, 2, 18, 1, 'Organisasi ini mengakui perlunya untuk mengelola investasi TI, tapi kebutuhan ini dikomunikasikan secara tidak konsisten.'),
(100, 2, 18, 1, 'Alokasi tanggung jawab untuk IT seleksi investasi dan anggaran pembangunan dilakukan secara ad hoc.'),
(101, 2, 18, 1, 'Terisolasi implementasi TI\r\ninvestasi seleksi dan penganggaran terjadi, dengan dokumentasi informal.'),
(102, 2, 18, 1, 'Investasi TI dibenarkan secara ad hoc.'),
(103, 2, 18, 1, 'Reaktif dan keputusan penganggaran secara operasional difokuskan terjadi.'),
(104, 3, 18, 1, 'Ada pemahaman implisit dari kebutuhan TI pemilihan investasi dan penganggaran. '),
(105, 3, 18, 1, 'Kebutuhan untuk pilihan dan penganggaran proses dikomunikasikan. \r\n'),
(106, 3, 18, 1, 'Kepatuhan tergantung pada inisiatif individu dalam organisasi.'),
(107, 3, 18, 1, 'Ada munculnya teknik umum untuk mengembangkan komponen dari anggaran TI.'),
(108, 3, 18, 1, 'Keputusan penganggaran reaktif dan taktis terjadi.'),
(109, 4, 18, 1, 'Kebijakan dan proses untuk investasi dan penganggaran didefinisikan, didokumentasikan dan dikomunikasikan, dan mencakup bisnis utama dan\r\nteknologi isu.'),
(110, 4, 18, 1, 'Anggaran TI sejalan dengan TI strategis dan rencana bisnis.'),
(111, 4, 18, 1, 'Penganggaran dan IT seleksi investasi proses yang diformalkan, didokumentasikan dan dikomunikasikan.'),
(112, 4, 18, 1, 'Pelatihan formal yang muncul tetapi masih didasarkan terutama pada individu inisiatif.'),
(113, 4, 18, 1, 'Persetujuan resmi dari investasi TI pilihan dan anggaran berlangsung.'),
(114, 4, 18, 1, 'TI anggota staf memiliki keahlian dan keterampilan diperlukan untuk mengembangkan anggaran TI dan merekomendasikan sesuai investasi TI.'),
(115, 5, 18, 1, 'Tanggung jawab dan akuntabilitas untuk pemilihan investasi dan penganggaran ditugaskan untuk individu tertentu. '),
(116, 5, 18, 1, 'Varians anggaran adalah\r\ndiidentifikasi dan diselesaikan.'),
(117, 5, 18, 1, 'Analisis biaya formal dilakukan, meliputi biaya langsung dan tidak langsung dari operasi yang ada, serta investasi yang diusulkan, mengingat semua biaya selama siklus hidup total.'),
(118, 5, 18, 1, 'Sebuah proses proaktif dan standar untuk penganggaran yang digunakan.'),
(119, 5, 18, 1, 'Itu dampak pergeseran biaya pengembangan dan operasi dari perangkat keras dan perangkat lunak untuk integrasi sistem TI dan sumber daya manusia adalah\r\ndiakui dalam rencana investasi.'),
(120, 5, 18, 1, 'Manfaat dan keuntungan dihitung dalam hal keuangan dan non keuangan.'),
(121, 6, 18, 1, 'Industri praktek yang baik digunakan untuk biaya patokan dan mengidentifikasi pendekatan untuk meningkatkan efektivitas investasi.'),
(122, 6, 18, 1, 'Analisa perkembangan teknologi yang digunakan dalam pemilihan investasi dan proses penganggaran.'),
(123, 6, 18, 1, 'Proses manajemen investasi adalah terus ditingkatkan berdasarkan pelajaran yang didapat dari analisis kinerja investasi yang sebenarnya.'),
(124, 6, 18, 1, 'Keputusan investasi\r\nmenggabungkan harga / kinerja tren perbaikan.'),
(125, 6, 18, 1, 'Alternatif pendanaan secara resmi diselidiki dan dievaluasi dalam konteks.'),
(126, 6, 18, 1, 'Struktur modal yang ada organisasi, dengan menggunakan metode evaluasi formal. \r\n'),
(127, 6, 18, 1, 'Ada identifikasi proaktif varians. '),
(128, 6, 18, 1, 'Sebuah analisis biaya jangka panjang dan manfaat dari siklus hidup total yang tergabung dalam keputusan investasi.'),
(129, 1, 19, 1, 'Manajemen belum memiliki lingkungan TI kontrol positif.'),
(130, 1, 19, 1, 'Tidak ada pengakuan akan kebutuhan untuk menetapkan seperangkat kebijakan,  rencana dan prosedur, dan proses kepatuhan.'),
(131, 2, 19, 1, 'Manajemen reaktif dalam menangani kebutuhan lingkungan pengendalian informasi.'),
(132, 2, 19, 1, 'Kebijakan, prosedur dan standar \r\ndikembangkan dan dikomunikasikan secara ad hoc sebagai didorong oleh isu-isu.'),
(133, 2, 19, 1, 'Pengembangan, komunikasi dan kepatuhan \r\nproses bersifat informal dan tidak konsisten.'),
(134, 3, 19, 1, 'Kebutuhan dan persyaratan dari suatu lingkungan pengendalian informasi yang efektif secara implisit dipahami oleh manajemen, tetapi praktek  sebagian besar informal.'),
(135, 3, 19, 1, 'Kebutuhan untuk kebijakan pengendalian, rencana dan prosedur dikomunikasikan oleh manajemen, tapi pembangunan yang tersisa \r\nkepada kebijaksanaan manajer individu dan area bisnis.'),
(136, 3, 19, 1, 'Kualitas diakui sebagai filosofi diinginkan untuk diikuti, tetapi \r\npraktek yang diserahkan kepada kebijaksanaan manajer individu.'),
(137, 3, 19, 1, 'Pelatihan dilakukan terhadap seorang individu, sebagai dasar-yang diperlukan.'),
(138, 4, 19, 1, 'Kontrol informasi yang lengkap dan lingkungan manajemen mutu dikembangkan, didokumentasikan dan dikomunikasikan oleh manajemen  dan termasuk kerangka kerja untuk kebijakan, rencana dan prosedur.'),
(139, 4, 19, 1, 'Proses pengembangan kebijakan terstruktur, dipelihara dan dikenal \r\nuntuk staf, dan kebijakan yang ada, rencana dan prosedur yang cukup terdengar dan mencakup isu-isu kunci.'),
(140, 4, 19, 1, 'Manajemen alamat pentingnya keamanan TI kesadaran dan memulai program kesadaran.'),
(141, 4, 19, 1, 'Pelatihan formal yang tersedia untuk mendukung informasi mengontrol lingkungan tetapi tidak ketat diterapkan.'),
(142, 4, 19, 1, 'Meskipun ada kerangka pembangunan secara keseluruhan untuk kebijakan pengawasan dan prosedur, ada pemantauan yang tidak konsisten dari kepatuhan terhadap kebijakan dan prosedur.'),
(143, 4, 19, 1, 'Ada sebuah pembangunan secara keseluruhan \r\nkerangka.'),
(144, 4, 19, 1, 'Teknik untuk meningkatkan kesadaran keamanan telah dibakukan dan formal.'),
(145, 5, 19, 1, 'Manajemen menerima tanggung jawab untuk mengkomunikasikan kebijakan pengendalian internal dan tanggung jawab delegasi dan mengalokasikan cukup sumber daya untuk menjaga lingkungan sejalan dengan perubahan yang signifikan.'),
(146, 5, 19, 1, 'Informasi positif proaktif lingkungan pengendalian, termasuk komitmen terhadap kualitas dan kesadaran keamanan TI, didirikan.\r\n'),
(147, 5, 19, 1, 'Satu set lengkap dari kebijakan, rencana dan prosedur dikembangkan, dipelihara dan dikomunikasikan dan adalah gabungan dari praktek yang baik internal.'),
(148, 5, 19, 1, 'Sebuah kerangka kerja untuk peluncuran dan selanjutnya pemeriksaan kepatuhan didirikan.'),
(149, 6, 19, 1, 'Lingkungan pengendalian informasi sejalan dengan kerangka manajemen strategis dan visi dan sering ditinjau, diperbarui dan terus ditingkatkan.'),
(150, 6, 19, 1, 'Ahli internal dan eksternal yang ditugaskan untuk memastikan bahwa praktek industri baik sedang diadopsi sehubungan dengan mengontrol teknik bimbingan dan komunikasi.'),
(151, 6, 19, 1, 'Pemantauan, penilaian diri dan memeriksa kepatuhan adalah meresap dalam organisasi.'),
(152, 6, 19, 1, 'Teknologi digunakan untuk mempertahankan kebijakan dan basis pengetahuan dan kesadaran untuk mengoptimalkan komunikasi, menggunakan otomatisasi kantor dan komputer berbasis alat pelatihan.'),
(153, 1, 20, 1, 'Tidak ada kesadaran tentang pentingnya menyelaraskan manajemen sumber daya manusia TI dengan proses perencanaan teknologi untuk organisasi.'),
(154, 1, 20, 1, 'Tidak ada orang atau kelompok secara formal bertanggung jawab untuk manajemen sumber daya manusia.'),
(155, 2, 20, 1, 'Manajemen mengakui perlunya terdapat manajemen sumber daya manusia TI.'),
(156, 2, 20, 1, 'Proses manajemen sumber daya manusia TI dilakukan secara informal dan reaktif.'),
(157, 2, 20, 1, 'Proses sumber daya manusia TI secara operasional difokuskan pada perekrutan dan mengelola personil TI.'),
(158, 2, 20, 1, 'Kesadaran dalam mengembangkan mengenai dampak yang perubahan bisnis dan teknologi yang cepat dan solusi yang semakin kompleks terhadap kebutuhan  keterampilan baru dan tingkat kompetensi.'),
(159, 3, 20, 1, 'Ada pendekatan taktis untuk mempekerjakan dan mengelola personil TI,  bukan oleh keseimbangan dipahami ketersediaan kemampuan staf internal dan eksternal.'),
(160, 3, 20, 1, 'Pelatihan informal berlangsung untuk pegawai baru, yang kemudian menerima pelatihan pada dasar yang diperlukan.'),
(161, 4, 20, 1, 'Ada proses didefinisikan dan didokumentasikan untuk mengelola sumber daya manusia TI.'),
(162, 4, 20, 1, 'Terdapat pengelolaan sumber daya manusia TI.'),
(163, 4, 20, 1, 'Ada pendekatan strategis untuk mempekerjakan dan mengelola personil TI.'),
(164, 4, 20, 1, 'Terdapat sebuah perencana pelatihan formal dirancang untuk memenuhi kebutuhan TI sumber daya manusia.'),
(165, 4, 20, 1, 'Sebuah program rotasi, yang dirancang untuk mengembangkan keterampilan manajemen teknis dan bisnis, telah dilakukan.'),
(166, 5, 20, 1, 'Tanggung jawab untuk pengembangan dan pemeliharaan rencana sumber daya manusia manajemen TI ditugaskan kepada individu tertentu atau kelompok dengan keahlian yang diperlukan dan keterampilan yang diperlukan untuk mengembangkan dan memelihara rencana.'),
(167, 5, 20, 1, 'Proses mengembangkan dan mengelola rencana sumber daya manusia TI dikelola secara responsif terhadap perubahan.'),
(168, 5, 20, 1, 'Dilakukan standarisasi ada dalam organisasi untuk memungkinkan pengidentifikasian penyimpangan dari rencana sumber daya manusia manajemen TI, dengan penekanan khusus pada pengelolaan pertumbuhan personil TI dan \r\nomset.'),
(169, 5, 20, 1, 'Kompensasi dan review kinerja sedang dibentuk dan dibandingkan dengan organisasi TI lainnya dan praktek industri yang baik.'),
(170, 5, 20, 1, 'Manajemen sumber daya manusia TI  proaktif, dengan mempertimbangkan pengembangan akun jalur karir.'),
(171, 6, 20, 1, 'Pengelolaan sumber daya TI dilakukan secara berkesinambungan diperbaharui untuk memenuhi kebutuhan bisnis.'),
(172, 6, 20, 1, 'Manajemen sumber daya manusia TI terintegrasi dengan perencanaan teknologi, memastikan perkembangan optimal dan penggunaan ketersediaan kemampuan TI.'),
(173, 6, 20, 1, 'TI manajemen sumber daya manusia yang terintegrasi dan responsif terhadap arah strategis entitas.'),
(174, 6, 20, 1, 'Komponen pengelolaan sumber daya manusia TI sesuai dengan praktik industri yang baik, seperti kompensasi, penilaian kinerja, partisipasi dalam industri forum, transfer pengetahuan, pelatihan dan pendampingan.'),
(175, 6, 20, 1, 'Program pelatihan yang dikembangkan untuk semua standar teknologi baru dan produk sebelum penempatan mereka dalam organisasi.'),
(176, 1, 21, 1, 'Organisasi tidak memiliki proses manajemen mutu perencanaan dan pengembangan sistem siklus hidup (SDLC) metodologi.'),
(177, 1, 21, 1, 'Senior manajemen dan TI anggota staf tidak menyadari bahwa program kualitas yang diperlukan.'),
(178, 1, 21, 1, 'Proyek dan operasi tidak pernah terakhir untuk kualitas.'),
(179, 2, 21, 1, 'Ada kesadaran pengelolaan kebutuhan untuk SMM(Sistem Manajemen Mutu).'),
(180, 2, 21, 1, 'Sistem manajemen mutu didorong oleh individu di mana itu terjadi. '),
(181, 2, 21, 1, 'pengelolaan informal yang membuat penilaian pada kualitas.'),
(182, 3, 21, 1, 'Sebuah program sedang dibentuk untuk mendefinisikan dan memonitor kegiatan SMM dalam TI.'),
(183, 3, 21, 1, 'Kegiatan SMM bahwa memang terjadi terfokus pada proyek TI dan berorientasi proses inisiatif, bukan pada proses pengorganisasian perusahaan.'),
(184, 4, 21, 1, 'Sebuah proses SMM didefinisikan dikomunikasikan seluruh perusahaan oleh manajemen dan melibatkan TI dan pengguna akhir manajemen.'),
(185, 4, 21, 1, 'sebuah Program pendidikan dan pelatihan yang muncul untuk mengajar semua tingkat organisasi tentang kualitas.'),
(186, 4, 21, 1, 'Harapan kualitas dasar adalah ditentukan dan dibagi di antara proyek dan dalam organisasi TI.'),
(187, 4, 21, 1, 'Alat umum dan praktek manajemen mutu adalah muncul.'),
(188, 4, 21, 1, 'Kualitas survei kepuasan direncanakan dan terkadang melakukan.'),
(189, 5, 21, 1, 'Sistem manajemen mutu ditujukan dalam semua proses, termasuk proses dengan ketergantungan pada pihak ketiga.'),
(190, 5, 21, 1, 'Sebuah basis pengetahuan standar sedang didirikan untuk metrik kualitas.'),
(191, 5, 21, 1, 'Biaya-manfaat metode analisis yang digunakan untuk membenarkan inisiatif SMM.'),
(192, 5, 21, 1, 'Benchmarking terhadap industri dan pesaing yang muncul.'),
(193, 5, 21, 1, 'Sebuah program pendidikan dan pelatihan dilembagakan untuk mengajar semua tingkat organisasi tentang kualitas.'),
(194, 5, 21, 1, 'Alat dan praktek sedang standar, dan analisis akar penyebab secara berkala diterapkan.'),
(195, 5, 21, 1, 'Kualitas survei kepuasan konsisten dilakukan.'),
(196, 5, 21, 1, 'Sebuah program standar untuk kualitas pengukuran di tempat dan terstruktur dengan baik.'),
(197, 5, 21, 1, 'Manajemen TI sedang membangun basis pengetahuan untuk metrik kualitas.'),
(198, 6, 21, 1, 'Sistem manajemen mutu yang terintegrasi dan ditegakkan dalam semua kegiatan TI.'),
(199, 6, 21, 1, 'Proses SMM fleksibel dan mudah beradaptasi dengan perubahan dalam lingkungan TI.'),
(200, 6, 21, 1, 'Basis pengetahuan untuk metrik kualitas ditingkatkan dengan praktek baik eksternal.'),
(201, 6, 21, 1, 'Pembandingan terhadap standar eksternal rutin dilakukan.'),
(202, 6, 21, 1, 'Kualitas survei kepuasan adalah proses yang berkelanjutan dan mengarah pada analisis akar penyebab dan tindakan perbaikan.'),
(203, 6, 21, 1, 'Ada jaminan formal pada tingkat proses manajemen mutu.'),
(204, 1, 22, 1, 'Penilaian risiko untuk proses dan keputusan bisnis tidak terjadi.'),
(205, 1, 22, 1, 'Organisasi tidak mempertimbangkan dampak bisnis terkait dengan kerentanan keamanan dan ketidakpastian pengembangan proyek.'),
(206, 1, 22, 1, 'Manajemen risiko tidak diidentifikasi secara relevan dengan memperoleh solusi TI dan memberikan layanan TI.'),
(207, 2, 22, 1, 'Risiko TI dianggap secara ad hoc.\r\n'),
(208, 2, 22, 1, 'Penilaian informal pada resiko proyek yang berlangsung ditentukan pada setiap proyek.'),
(209, 2, 22, 1, 'Penilaian risiko kadang-kadang diidentifikasi dalam rencana proyek tapi jarang ditugaskan untuk manajer tertentu.'),
(210, 2, 22, 1, 'Hal-hal spesifik yang terkait dengan resiko TI, seperti keamanan, ketersediaan dan integritas, kadang-kadang dipertimbangkan berdasarkan proyek per proyek.'),
(211, 2, 22, 1, 'Hal-hal yang terkait resiko TI yang mempengaruhi operasional keseharian jarang dibahas pada pertemuan manajemen.'),
(212, 2, 22, 1, 'Pencegahan dampak resiko telah dipertimbangkan namun tidak konsisten.'),
(213, 2, 22, 1, 'Ada sebuah pemahaman yang muncul bahwa risiko TI penting dan perlu dipertimbangkan.'),
(214, 3, 22, 1, 'Pendekatan pengembangan penilaian resiko sudah ada dan diimplementasikan pada kebijaksanaan para manajer proyek.'),
(215, 3, 22, 1, 'Pengelolaan risiko biasanya pada level tinggi dan biasanya diterapkan hanya untuk proyek-proyek besar atau sebagai respons terhadap masalah.'),
(216, 3, 22, 1, 'Proses pencegahan resiko mulai dilaksanakan di mana risiko diidentifikasi.'),
(217, 4, 22, 1, 'Sebuah kebijakan manajemen risiko organisationwide mendefinisikan kapan dan bagaimana melakukan penilaian risiko.'),
(218, 4, 22, 1, 'Manajemen risiko mengikuti proses didefinisikan yang didokumentasikan.'),
(219, 4, 22, 1, 'Pelatihan manajemen resiko tersedia untuk semua anggota staf.'),
(220, 4, 22, 1, 'Keputusan untuk mengikuti proses manajemen risiko dan menerima pelatihan diserahkan kepada kebijaksanaan individu.'),
(221, 4, 22, 1, 'Metodologi untuk penilaian risiko sudah meyakinkan dan terdengar sehingga memastikan bahwa risiko utama untuk bisnis teridentifikasi.'),
(222, 4, 22, 1, 'Sebuah proses untuk mengurangi risiko utama biasanya dilembagakan setelah risiko diidentifikasi.'),
(223, 4, 22, 1, 'Deskripsi pekerjaan mempertimbangkan tanggung jawab manajemen risiko.'),
(224, 5, 22, 1, 'Penilaian dan pengelolaan risiko sudah dalam prosedur standar.'),
(225, 5, 22, 1, 'Pengecualian terhadap proses manajemen risiko dilaporkan TI manajemen.'),
(226, 5, 22, 1, 'Manajemen risiko TI adalah tanggung jawab manajemen tingkat senior.'),
(227, 5, 22, 1, 'Risiko dinilai dan diatasi di tingkat proyek individu dan juga secara teratur berkaitan dengan operasi TI secara keseluruhan.'),
(228, 5, 22, 1, 'Manajemen menyarankan  perubahan bisnis dan lingkungan TI yang secara signifikan yang dapat mempengaruhi hal-hal yang terkait sekenario resiko TI.'),
(229, 5, 22, 1, 'Manajemen dapat memantau posisi risiko dan membuat keputusan mengenai paparan itu dan bersedia menerima.'),
(230, 5, 22, 1, 'Semua risiko yang teridentifikasi memiliki pemilik dicalonkan, dan manajemen senior dan manajemen TI menentukan tingkat risiko yang organisasi akan mentolerir.'),
(231, 5, 22, 1, 'Manajemen TI mengembangkan langkah-langkah standar untuk menilai risiko dan mendefinisikan risiko / imbalan rasio.'),
(232, 5, 22, 1, 'Manajemen anggaran untuk operasional proyek manajemen risiko untuk menilai kembali risiko secara teratur.'),
(233, 5, 22, 1, 'Database manajemen risiko didirikan, dan bagian dari proses manajemen risiko mulai otomatis.'),
(234, 5, 22, 1, 'Manajemen TI menetapkan strategi mitigasi risiko.'),
(235, 6, 22, 1, 'Manajemen risiko dikembangkan ke tahap di mana sebuah proses terstruktur organisationwide diberlakukan dan dikelola dengan baik.'),
(236, 6, 22, 1, 'Program yang baik dan diterapkan di seluruh organisasi.'),
(237, 6, 22, 1, 'Pengambilan, analisis dan pelaporan data manajemen risiko sangat otomatis.'),
(238, 6, 22, 1, 'Pembinaan yang diambil dari para pemimpin di lapangan, dan organisasi TI mengambil bagian dalam kelompok sebaya untuk bertukar pengalaman.'),
(239, 6, 22, 1, 'Manajemen risiko benar-benar terintegrasi ke dalam semua bisnis dan operasional TI, diterima dengan baik dan ekstensif melibatkan pengguna layanan TI.'),
(240, 6, 22, 1, 'Manajemen mendeteksi dan bertindak saat IT  keputusan besar pada operasional dan investasi dilakukan tanpa pertimbangan risiko rencana pengelolaan.'),
(241, 6, 22, 1, 'Manajemen terus mengkaji strategi mitigasi risiko.'),
(242, 1, 23, 1, 'Proyek teknik manajemen tidak digunakan dan organisasi tidak mempertimbangkan dampak bisnis yang terkait dengan proyek salah urus dan kegagalan pengembangan proyek.'),
(243, 2, 23, 1, 'Penggunaan teknik manajemen proyek dan pendekatan dalam TI adalah keputusan yang tersisa untuk individu manajer TI.'),
(244, 2, 23, 1, 'Ada kurangnya komitmen manajemen dengan kepemilikan proyek dan manajemen proyek.'),
(245, 2, 23, 1, 'Keputusan penting pada manajemen proyek yang dibuat tanpa manajemen pengguna atau masukan pelanggan.'),
(246, 2, 23, 1, 'Ada pelanggan sedikit atau tidak dan keterlibatan pengguna dalam mendefinisikan proyek TI.\r\n'),
(247, 2, 23, 1, 'Tidak ada jelas dalam organisasi TI untuk manajemen proyek.'),
(248, 2, 23, 1, 'Peran dan tanggung jawab untuk pengelolaan proyek tidak didefinisikan.'),
(249, 2, 23, 1, 'Proyek, jadwal dan tonggak yang kurang didefinisikan, jika sama sekali.'),
(250, 2, 23, 1, 'Proyek waktu staf dan biaya tidak dilacak dan dibandingkan dengan anggaran.'),
(251, 3, 23, 1, 'Senior manajemen Keuntungan dan mengkomunikasikan kesadaran akan kebutuhan untuk manajemen proyek TI.'),
(252, 3, 23, 1, 'Organisasi ini di proses mengembangkan dan memanfaatkan beberapa teknik dan metode dari proyek ke proyek.'),
(253, 3, 23, 1, 'Proyek TI telah informal didefinisikan bisnis dan teknis tujuan.'),
(254, 3, 23, 1, 'Ada keterlibatan pemangku kepentingan terbatas dalam manajemen proyek TI.'),
(255, 3, 23, 1, 'Pedoman Initial dikembangkan untuk banyak aspek manajemen proyek.'),
(256, 3, 23, 1, 'Penerapan pedoman manajemen proyek diserahkan kepada kebijaksanaan individu manajer proyek.'),
(257, 4, 23, 1, 'TI manajemen proyek proses dan metodologi ditetapkan dan dikomunikasikan.'),
(258, 4, 23, 1, 'Proyek TI didefinisikan dengan tepat bisnis dan teknis tujuan.'),
(259, 4, 23, 1, 'TI senior dan manajemen bisnis mulai berkomitmen dan terlibat dalam manajemen proyek TI.'),
(260, 4, 23, 1, 'Sebuah kantor manajemen proyek didirikan dalam IT, dengan peran awal dan tanggung jawab didefinisikan.'),
(261, 4, 23, 1, 'TI proyek yang dipantau, dengan tonggak didefinisikan dan diperbarui, jadwal, anggaran dan pengukuran kinerja.'),
(262, 4, 23, 1, 'Proyek pelatihan manajemen tersedia dan terutama hasil dari inisiatif staf individu.'),
(263, 4, 23, 1, 'QA prosedur dan pasca-sistem kegiatan pelaksanaan didefinisikan, tetapi tidak secara luas diterapkan oleh manajer TI.'),
(264, 4, 23, 1, 'Proyek mulai dikelola sebagai portofolio.'),
(265, 5, 23, 1, 'Manajemen membutuhkan metrik proyek formal dan standar dan pelajaran ditinjau setelah penyelesaian proyek.'),
(266, 5, 23, 1, 'Manajemen proyek diukur dan dievaluasi di seluruh organisasi dan bukan hanya dalam TI.'),
(267, 5, 23, 1, 'Perangkat tambahan untuk proyek proses manajemen formal dan berkomunikasi dengan anggota tim proyek dilatih pada perangkat tambahan.'),
(268, 5, 23, 1, 'Manajemen TI menerapkan struktur organisasi proyek dengan didokumentasikan, tanggung jawab peran dan kriteria kinerja staf.'),
(269, 5, 23, 1, 'kriteria untuk mengevaluasi keberhasilan pada setiap tonggak ditetapkan.'),
(270, 5, 23, 1, 'Nilai dan risiko diukur dan dikelola sebelum, selama dan setelah penyelesaian proyek.'),
(271, 5, 23, 1, 'Proyek semakin alamat tujuan organisasi, bukan hanya IT khusus.'),
(272, 5, 23, 1, 'Ada yang kuat dan aktif proyek dukungan dari sponsor manajemen senior serta stakeholder.'),
(273, 5, 23, 1, 'Proyek pelatihan manajemen yang relevan direncanakan untuk staf di kantor manajemen proyek dan seluruh fungsi TI.'),
(274, 6, 23, 1, 'Siklus hidup proyek terbukti penuh dan metodologi program dilaksanakan, ditegakkan dan terintegrasi ke dalam budaya dari seluruh organisasi.'),
(275, 6, 23, 1, 'Sebuah inisiatif yang sedang berlangsung untuk mengidentifikasi dan melembagakan praktek-praktek terbaik manajemen proyek diimplementasikan.'),
(276, 6, 23, 1, 'Strategi TI untuk sourcing proyek-proyek pembangunan dan operasional didefinisikan dan diimplementasikan.'),
(277, 6, 23, 1, 'Sebuah kantor proyek manajemen terpadu bertanggung jawab untuk proyek dan program dari awal sampai pasca pelaksanaan.'),
(278, 6, 23, 1, 'Perencanaan Organisasi macam program dan proyek memastikan bahwa pengguna dan sumber daya TI yang terbaik digunakan untuk mendukung inisiatif strategis.'),
(279, 1, 8, 2, 'Organisasi ini tidak memerlukan identifikasi kebutuhan fungsional dan operasional untuk pengembangan, implementasi atau modifikasi solusi, seperti sistem, pelayanan, infrastruktur perangkat lunak, dan data.'),
(280, 1, 8, 2, 'Organisasi tidak mempertahankan kesadaran solusi teknologi yang tersedia berpotensi relevan dengan bisnisnya.'),
(281, 2, 8, 2, 'Ada kesadaran akan kebutuhan untuk menetapkan persyaratan dan mengidentifikasi solusi teknologi.'),
(282, 2, 8, 2, 'Kelompok individu bertemu untuk membahas kebutuhan informal, dan persyaratan kadang-kadang di dokumentasikan.'),
(283, 2, 8, 2, 'Solusi di identifikasi oleh individu yang didasarkan pada kesadaran pasar terbatas atau sebagai respons terhadap penawaran vendor.'),
(284, 2, 8, 2, 'Ada penelitian terstruktur minimal atau analisis teknologi yang tersedia.'),
(285, 3, 8, 2, 'Beberapa pendekatan intuitif untuk mengidentifikasi solusi TI ada dan bervariasi di seluruh bisnis.'),
(286, 3, 8, 2, 'Solusi diidentifikasi secara informal berdasarkan pengalaman internal dan pengetahuan tentang fungsi TI.'),
(287, 3, 8, 2, 'Keberhasilan setiap proyek tergantung pada keahlian dari beberapa kunci individu.'),
(288, 3, 8, 2, 'Kualitas dokumentasi dan pengambilan keputusan sangat bervariasi.'),
(289, 3, 8, 2, 'Pendekatan tidak terstruktur yang digunakan untuk menetapkan persyaratan dan mengidentifikasi solusi teknologi.'),
(290, 4, 8, 2, 'Jelas dan terstruktur pendekatan dalam menentukan solusi TI telah ada.'),
(291, 4, 8, 2, 'Pendekatan untuk penentuan solusi IT membutuhkan pertimbangan alternatif dievaluasi terhadap kebutuhan bisnis atau pengguna, peluang teknologi, kelayakan ekonomi, penilaian risiko, dan faktor lainnya.'),
(292, 4, 8, 2, 'Proses untuk menentukan solusi TI diterapkan untuk beberapa proyek berdasarkan faktor-faktor seperti keputusan yang dibuat oleh anggota staf individu yang terlibat, jumlah waktu manajemen berkomitmen, dan ukuran dan prioritas kebutuhan bisnis asli.'),
(293, 4, 8, 2, 'Pendekatan terstruktur digunakan untuk menetapkan persyaratan dan mengidentifikasi solusi TI.'),
(294, 5, 8, 2, 'Metodologi yang dibuat digunakan untuk identifikasi dan penilaian solusi TI telah berlangsung dan digunakan untuk sebagian besar proyek.'),
(295, 5, 8, 2, 'Dokumentasi proyek sudah berkualitas baik, dan setiap tahapannya dietuji dengan tepat.'),
(296, 5, 8, 2, 'Persyaratan yang diartikulasikan dengan baik dan sesuai dengan struktur yang telah ditetapkan.'),
(297, 5, 8, 2, 'Solusi alternatif dapat dipertimbangkan, termasuk analisis biaya dan manfaat.'),
(298, 5, 8, 2, 'Metodologi ini jelas, didefinisikan, umumnya dipahami dan terukur.'),
(299, 5, 8, 2, 'Ada antarmuka yang jelas antara manajemen TI dan bisnis dalam identifikasi dan penilaian solusi TI.'),
(300, 6, 8, 2, 'Metodologi untuk identifikasi dan penilaian solusi TI dilakukan perbaikan secara terus menerus.'),
(301, 6, 8, 2, 'Metodologi akuisisi dan implementasi memiliki fleksibilitas untuk proyek-proyek besar dan kecil.'),
(302, 6, 8, 2, 'Metodologi ini didukung oleh database pengetahuan internal dan eksternal yang mengandung bahan referensi pada solusi teknologi.'),
(303, 6, 8, 2, 'Metodologi yang ada dapat menghasilkan dokumentasi dalam struktur standar yang membuat produksi dan pemeliharaan yang efisien.'),
(304, 6, 8, 2, 'Peluang baru sering diidentifikasi untuk memanfaatkan teknologi untuk mendapatkan keuntungan kompetitif, pengaruh proses bisnis rekayasa ulang dan meningkatkan efisiensi secara keseluruhan.'),
(305, 6, 8, 2, 'Manajemen mendeteksi dan bertindak jika solusi TI disetujui tanpa mempertimbangkan teknologi alternatif atau kebutuhan bisnis fungsional.'),
(306, 1, 9, 2, 'Tidak ada proses untuk merancang dan menentukan aplikasi.'),
(307, 1, 9, 2, 'Biasanya, aplikasi yang diperoleh berdasarkan pada vendor-driven persembahan, pengakuan merek atau IT, keakraban staf dengan produk tertentu, dengan pertimbangan sedikit atau tidak ada persyaratan yang sebenarnya.'),
(311, 2, 9, 2, 'Ada kesadaran bahwa suatu proses untuk memperoleh dan mempertahankan aplikasi yang diperlukan.'),
(312, 2, 9, 2, 'Pendekatan untuk memperoleh dan perangkat lunak aplikasi mempertahankan bervariasi dari proyek ke proyek.'),
(313, 2, 9, 2, 'Beberapa solusi individu untuk kebutuhan bisnis tertentu adalah mungkin telah diperoleh secara mandiri, mengakibatkan inefisiensi dengan perawatan dan dukungan.'),
(314, 3, 9, 2, 'Ada yang berbeda, tapi mirip, proses untuk memperoleh dan mempertahankan aplikasi berdasarkan keahlian dalam fungsi TI.'),
(315, 3, 9, 2, 'Tingkat keberhasilan dengan aplikasi sangat tergantung pada di keahlian dan tingkat pengalaman dalam TI.'),
(316, 3, 9, 2, 'Pemeliharaan biasanya bermasalah dan menderita ketika pengetahuan internal hilang dari organisasi.'),
(317, 3, 9, 2, 'Kualitas dokumentasi dan pengambilan keputusan sangat bervariasi.'),
(318, 3, 9, 2, 'Ada sedikit pertimbangan keamanan aplikasi dan ketersediaan dalam desain atau perolehan perangkat lunak aplikasi.'),
(319, 4, 9, 2, 'Sebuah proses yang jelas, jelas dan umum dipahami ada untuk akuisisi dan pemeliharaan perangkat lunak aplikasi.'),
(320, 4, 9, 2, 'Proses ini selaras dengan TI dan strategi bisnis.'),
(321, 4, 9, 2, 'Dilakukan usaha untuk menerapkan proses terdokumentasi secara konsisten di seluruh berbeda.'),
(322, 4, 9, 2, 'Metodologi umumnya tidak fleksibel dan sulit diterapkan dalam semua kasus, sehingga langkah-langkah kemungkinan akan dilewati.'),
(323, 4, 9, 2, 'Kegiatan pemeliharaan direncanakan, dijadwalkan dan terkoordinasi.'),
(324, 5, 9, 2, 'Ada metodologi formal dan dipahami dengan baik yang meliputi desain dan proses spesifikasi, kriteria untuk akuisisi, sebuah proses untuk pengujian dan persyaratan untuk dokumentasi.'),
(325, 5, 9, 2, 'Mekanisme persetujuan di dokumentasikan dan disepakati ada untuk memastikan bahwa semua langkah diikuti dan pengecualian yang berwenang.'),
(326, 5, 9, 2, 'Praktek dan prosedur berkembang  dan sangat cocok untuk organisasi, digunakan oleh semua staf dan berlaku untuk persyaratan aplikasi.'),
(327, 6, 9, 2, 'Aplikasi perangkat lunak akuisisi dan pemeliharaan praktek yang selarasdengan proses didefinisikan.'),
(328, 6, 9, 2, 'Pendekatan ini berdasarkan komponen dengan standar, aplikasi standar disesuaikan dengan kebutuhan bisnis.'),
(329, 6, 9, 2, 'Akuisisi dan metodologi pemeliharaan juga sudah lanjut dan memungkinkan penyebaran cepat, memungkinkan untuk respon tinggi dan fleksibilitas dalam menanggapi kebutuhan bisnis yang berubah.'),
(330, 6, 9, 2, 'Perangkat lunak aplikasi akuisisi dan metodologi implementasi adalah mengalami perbaikan yang berkesinambungan dan didukung oleh database pengetahuan internal dan eksternal yang mengandung referensi bahan dan praktek yang baik.'),
(331, 6, 9, 2, 'Metodologi menciptakan dokumentasi dalam struktur standar yang membuat produksi dan efisien pemeliharaan.'),
(332, 1, 24, 2, 'Mengelola infrastruktur teknologi tidak diakui sebagai topik yang cukup penting untuk ditangani.'),
(333, 2, 24, 2, 'Ada perubahan yang dibuat untuk infrastruktur untuk setiap aplikasi baru, tanpa rencana keseluruhan.'),
(334, 2, 24, 2, 'Meskipun ada kesadaran bahwa infrastruktur TI penting, tidak ada pendekatan secara keseluruhan konsisten.'),
(335, 2, 24, 2, 'Kegiatan pemeliharaan bereaksi terhadap kebutuhan jangka pendek.'),
(336, 2, 24, 2, 'Lingkungan produksi adalah lingkungan tes.'),
(337, 3, 24, 2, 'Ada konsistensi antara pendekatan taktis ketika memperoleh dan memelihara infrastruktur TI.'),
(338, 3, 24, 2, 'Akuisisi dan pemeliharaan infrastruktur TI tidak didasarkan pada setiap strategi didefinisikan dan tidak mempertimbangkan kebutuhan aplikasi bisnis yang harus didukung.'),
(339, 3, 24, 2, 'Ada pemahaman bahwa infrastruktur TI penting, didukung oleh beberapa praktek formal.'),
(340, 3, 24, 2, 'Beberapa pemeliharaan terjadwal, tetapi tidak sepenuhnya terjadwal dan terkoordinasi.'),
(341, 3, 24, 2, 'Untuk beberapa lingkungan, ada lingkungan tes terpisah.'),
(342, 4, 24, 2, 'Sebuah proses yang jelas, jelas dan umum dipahami ada untuk mendapatkan dan memelihara infrastruktur TI.'),
(343, 4, 24, 2, 'Proses ini mendukung kebutuhan aplikasi bisnis kritis dan sejalan dengan TI dan strategi bisnis, tetapi tidak diterapkan secara konsisten.\r\n'),
(344, 4, 24, 2, 'Pemeliharaan terencana, terjadwal dan terkoordinasi.'),
(345, 4, 24, 2, 'Ada lingkungan yang terpisah untuk pengujian dan produksi.'),
(346, 5, 24, 2, 'Akuisisi dan proses pemeliharaan infrastruktur teknologi telah berkembang ke titik dimana ia bekerja dengan baik untuk sebagian situasi, diikuti secara konsisten dan difokuskan pada usabilitas.'),
(347, 5, 24, 2, 'Infrastruktur TI secara memadai mendukung aplikasi bisnis.'),
(348, 5, 24, 2, 'Proses ini terorganisasi dengan baik dan proaktif.'),
(349, 5, 24, 2, 'Waktu biaya dan lead untuk mencapai tingkat yang diharapkan skalabilitas, fleksibilitas dan integrasi ini sebagian dioptimalkan.'),
(350, 6, 24, 2, 'Akuisisi dan proses pemeliharaan infrastruktur teknologi proaktif dan erat terkait dengan bisnis penting aplikasi dan arsitektur teknologi.'),
(351, 6, 24, 2, 'Praktek yang baik tentang solusi teknologi yang diikuti, dan organisasi adalah sadar akan perkembangan platform terbaru dan alat manajemen.'),
(352, 6, 24, 2, 'Biaya dikurangi dengan rasionalisasi dan standardisasi infrastruktur komponen dan dengan menggunakan otomatisasi.'),
(353, 6, 24, 2, 'Tingkat tinggi kesadaran teknis dapat mengidentifikasi cara optimal untuk secara proaktif meningkatkan kinerja, termasuk pertimbangan pilihan outsourcing.'),
(354, 6, 24, 2, 'Infrastruktur TI dipandang sebagai enabler kunci untuk memanfaatkan penggunaan IT.'),
(355, 1, 25, 2, 'Tidak ada bagian yang memproses berkaitan dengan produksi dokumentasi pengguna, manual operasi dan materi pelatihan.'),
(356, 1, 25, 2, 'Materi yang ada hanya yang disertakan dari produk yang dibeli.'),
(357, 2, 25, 2, 'Ada kesadaran bahwa dokumentasi proses diperlukan.'),
(358, 2, 25, 2, 'Dokumentasi kadang-kadang dibuat dan di distribusikan secara tidak konsisten kepada kelompok terbatas.\r\n'),
(359, 2, 25, 2, 'Sebagian besar dokumentasi dan banyak prosedur yang ketinggalan zaman.'),
(360, 2, 25, 2, 'Materi pelatihan cenderung satu kali skema dengan kualitas variabel.'),
(361, 2, 25, 2, 'Hampir tidak ada integrasi prosedur di seluruh sistem yang berbeda dan unit bisnis.'),
(362, 2, 25, 2, 'Tidak ada masukan dari unit bisnis dalam desain program pelatihan.'),
(363, 3, 25, 2, 'Pendekatan serupa digunakan untuk menghasilkan prosedur dan dokumentasi, tetapi itu tidak didasarkan pada  pendekatan terstruktur atau kerangka.'),
(364, 3, 25, 2, 'Tidak ada pendekatan yang seragam untuk pengembangan pengguna (user development) dan prosedur operasi.'),
(365, 3, 25, 2, 'Materi pelatihan dibuat oleh individu atau tim proyek, dan kualitas tergantung pada individu yang terlibat.'),
(366, 3, 25, 2, 'Prosedur dan kualitas dukungan pengguna bervariasi dari yang buruk sampai yang sangat baik, dengan konsistensi yang sangat sedikit dan integrasi di seluruh organisasi.'),
(367, 3, 25, 2, 'Program pelatihan untuk bisnis dan pengguna disediakan atau difasilitasi, tetapi tidak ada rencana keseluruhan untuk peluncuran pelatihan atau pengiriman.'),
(368, 4, 25, 2, 'Ada kerangka jelas, diterima dan dipahami untuk dokumentasi pengguna, manual operasi dan materi pelatihan.'),
(369, 4, 25, 2, 'Prosedur disimpan dan dipelihara di perpustakaan formal dan dapat diakses oleh siapa saja yang perlu mengetahui (mengenal) sistem.'),
(370, 4, 25, 2, 'Koreksi untuk dokumentasi dan prosedur yang dibuat secara reaktif.'),
(371, 4, 25, 2, 'Prosedur yang tersedia secara offline dan dapat diakses dan dikelola dalam kasus bencana.'),
(372, 4, 25, 2, 'Terdapat sebuah proses yang merinci prosedur update prosedur dan materi pelatihan untuk menjadi penyampaian eksplisit perubahan proyek.'),
(373, 4, 25, 2, 'Meskipun adanya pendekatan yang ditetapkan, konten yang sebenarnya bervariasi karena tidak ada kontrol untuk menegakkan kepatuhan terhadap standar.'),
(374, 4, 25, 2, 'Pengguna informal terlibat dalam proses.'),
(375, 4, 25, 2, 'Alat otomatis semakin digunakan dalam regenerasi dan distribusi prosedur.'),
(376, 4, 25, 2, 'Bisnis dan pelatihan pengguna direncanakan dan dijadwalkan.'),
(377, 5, 25, 2, 'Ada kerangka yang ditetapkan untuk menjaga prosedur dan materi pelatihan yang memiliki dukungan manajemen TI.'),
(378, 5, 25, 2, 'Pendekatan yang diambil untuk menjaga prosedur dan manual pelatihan mencakup semua sistem dan unit bisnis, sehingga proses dapat dilihat dari perspektif bisnis.'),
(379, 5, 25, 2, 'Prosedur dan materi pelatihan yang terintegrasi untuk mencakup saling ketergantungan dan interface.'),
(380, 5, 25, 2, 'Terdapat kontrol untuk memastikan kepatuhan terhadap standar dan prosedur yang dikembangkan dan dipertahankan untuk semua proses.'),
(381, 5, 25, 2, 'Bisnis dan umpan balik pengguna pada dokumentasi dan pelatihan dikumpulkan dan dinilai sebagai bagian dari proses perbaikan yang berkelanjutan.'),
(382, 5, 25, 2, 'Dokumentasi dan materipelatihan biasanya sudah diprediksi dan pada tingkatan yang baik untuk kehandalan dan ketersediaan.'),
(383, 5, 25, 2, 'Sebuah proses yang muncul untuk menggunakan dokumentasi prosedur otomatis dan diimplementasikan manajemen.'),
(384, 5, 25, 2, 'Pengembangan prosedur otomatis semakin terintegrasi dengan pengembangan aplikasi sistem memfasilitasi konsistensi dan akses pengguna.'),
(385, 5, 25, 2, 'Bisnis dan pelatihan pengguna responsive terhadap kebutuhan bisnis.'),
(386, 5, 25, 2, 'Manajemen TI mengembangkan metrik untuk pengembangan dan pengiriman dokumentasi, materi pelatihan dan program pelatihan.'),
(387, 6, 25, 2, 'Proses untuk pengguna dan dokumentasi operasional terus ditingkatkan melalui penerapan alat baru atau metode.'),
(388, 6, 25, 2, 'Bahan prosedur dan materi pelatihan diperlakukan sebagai basis pengetahuan yang terus berkembang yang dipelihara secara elektronik dengan menggunakan  manajemen pengetahuan yang up-to-date , alur kerja dan teknologi distribusi, sehingga dapat diakses dan mudah untuk dikelola'),
(389, 6, 25, 2, 'Dokumentasi dan materi pelatihan diperbarui untuk mencerminkan organisasi, perubahan operasional dan perangkat lunak.'),
(390, 6, 25, 2, 'Pengembangan dokumentasi dan materi pelatihan dan pelaksanaan program pelatihan yang terintegrasi dengan definisi proses bisnis dan bisnis, sehingga mendukung persyaratan organisationwide, bukan hanya prosedur yang berorientasi TI.'),
(393, 1, 26, 2, 'Tidak ada didefinisikan proses TI sumber daya pengadaan di tempat.'),
(394, 1, 26, 2, 'Organisasi tidak menyadari kebutuhan untuk pengadaan yang jelas kebijakan dan prosedur untuk memastikan bahwa semua sumber daya TI yang tersedia secara tepat waktu dan hemat biaya.'),
(395, 2, 26, 2, 'Organisasi ini mengakui perlunya memiliki kebijakan dan prosedur terdokumentasi yang menghubungkan TI akuisisi untuk bisnis organisasi secara keseluruhan proses pengadaan.'),
(396, 2, 26, 2, 'Kontrak untuk akuisisi sumber daya TI yang dikembangkan dan dikelola oleh proyek manajer dan individu lain menggunakan penilaian profesional mereka bukan sebagai hasil dari prosedur formal dan kebijakan.'),
(397, 2, 26, 2, 'Hanya ada hubungan ad hoc antara akuisisi perusahaan dan proses manajemen kontrak dan IT.'),
(398, 2, 26, 2, 'Kontrak untuk akuisisi dikelola pada akhir proyek, bukan secara terus menerus.'),
(399, 3, 26, 2, 'Ada kesadaran organisasi perlu memiliki kebijakan dasar dan prosedur TI akuisisi.'),
(400, 3, 26, 2, 'Kebijakan dan prosedur yang sebagian terintegrasi dengan proses pengadaan keseluruhan organisasi bisnis.'),
(401, 3, 26, 2, 'Proses pengadaan sebagian besar dimanfaatkan untuk besar dan sangat terlihat proyek.'),
(402, 3, 26, 2, 'Tanggung jawab dan akuntabilitas untuk pengadaan TI dan manajemen kontrak ditentukan oleh kontrak manajer individu pengalaman.'),
(403, 3, 26, 2, 'Pentingnya manajemen pemasok dan manajemen hubungan diakui.'),
(404, 3, 26, 2, 'Namun itu, ditujukan atas inisiatif individu.'),
(405, 3, 26, 2, 'Proses kontrak sebagian besar digunakan oleh proyek-proyek besar atau sangat terlihat.'),
(406, 4, 26, 2, 'Manajemen lembaga kebijakan dan prosedur TI akuisisi.'),
(407, 4, 26, 2, 'Kebijakan dan prosedur dipandu oleh organisasi bisnis keseluruhan proses pengadaan.'),
(408, 4, 26, 2, 'TI akuisisi sebagian besar terintegrasi dengan sistem pengadaan bisnis secara keseluruhan.'),
(409, 4, 26, 2, 'TI standar untuk akuisisi sumber daya TI ada.');
INSERT INTO `process_statement` (`statement_id`, `maturity_model_id`, `process_id`, `domain_id`, `statement_name`) VALUES
(410, 4, 26, 2, 'Pemasok sumber daya TI yang terintegrasi ke dalam mekanisme manajemen organisasi proyek dari perspektif kontrak manajemen.'),
(411, 4, 26, 2, 'Manajemen TI mengkomunikasikan kebutuhan untuk akuisisi yang sesuai dan kontrak manajemen seluruh fungsi TI.'),
(412, 5, 26, 2, 'TI akuisisi sepenuhnya terintegrasi dengan sistem pengadaan bisnis secara keseluruhan.'),
(413, 5, 26, 2, 'TI standar untuk akuisisi sumber daya TI digunakan untuk setiap pengadaan.'),
(414, 5, 26, 2, 'Pengukuran pada kontrak dan manajemen pengadaan diambil relevan dengan kasus bisnis untuk TI akuisisi.'),
(415, 5, 26, 2, 'Pelaporan aktivitas akuisisi TI yang mendukung tujuan bisnis tersedia.'),
(416, 5, 26, 2, 'Manajemen biasanya sadar pengecualian terhadap kebijakan dan prosedur TI akuisisi.'),
(417, 5, 26, 2, 'Manajemen strategis hubungan berkembang.'),
(418, 5, 26, 2, 'Manajemen TI mengharuskan penggunaan akuisisi dan proses kontrak manajemen untuk semua akuisisi dengan meninjau pengukuran kinerja.'),
(419, 6, 26, 2, 'Manajemen lembaga sumber daya pengadaan menyeluruh proses untuk IT akuisisi.'),
(420, 6, 26, 2, 'Manajemen memberlakukan sesuai dengan kebijakan dan prosedur TI akuisisi.'),
(421, 6, 26, 2, 'Pengukuran pada kontrak dan manajemen pengadaan diambil yang relevan dengan kasus bisnis untuk TI akuisisi.'),
(422, 6, 26, 2, 'Hubungan yang baik ditetapkan dari waktu ke waktu dengan pemasok yang paling dan mitra, dan kualitas hubungan diukur dan dipantau.'),
(423, 6, 26, 2, 'Hubungan dikelola secara strategis.'),
(424, 6, 26, 2, 'TI standar, kebijakan dan prosedur untuk akuisisi sumber daya TI dikelola strategis dan merespon pengukuran proses.'),
(425, 6, 26, 2, 'Manajemen TI mengkomunikasikan pentingnya strategi akuisisi yang tepat dan manajemen kontrak seluruh fungsi TI.'),
(426, 1, 27, 2, 'Tidak ada proses perubahan manajemen yang didefinisikan, dan perubahan dapat dilakukan dengan hampir tidak ada kontrol.'),
(427, 1, 27, 2, 'Tidak ada kesadaran bahwa perubahan bisa mengganggu TI dan operasi bisnis, dan tidak ada kesadaran tentang manfaat dari manajemen perubahan yang baik.'),
(428, 2, 27, 2, 'Diakui bahwa perubahan harus dikelola dan dikendalikan.'),
(429, 2, 27, 2, 'Praktek bervariasi, dan ada kemungkinan bahwa perubahan yang tidak sah terjadi'),
(430, 2, 27, 2, 'Terdapat dokumentasi yang buruk atau tidak ada dokumentasi sama sekali mengenai perubahan, dan dokumentasi konfigurasi tidak lengkap dan tidak dapat diandalkan. '),
(431, 2, 27, 2, 'Kesalahan yang mungkin terjadi bersama-sama dengan gangguan pada lingkungan produksi yang disebabkan oleh perubahan manajemen yang buruk.'),
(432, 3, 27, 2, 'Ada sebuah proses manajemen perubahan informal di perusahaan dan perubahan terbesar mengikuti pendekatan ini, namun tidak terstruktur, belum sempurna dan rawan kesalahan.'),
(433, 3, 27, 2, 'Akurasi dokumentasi mengenai  konfigurasi tidak konsisten, dan hanya terbatas perencanaan dan penilaian dampak dilakukan sebelum perubahan.'),
(434, 4, 27, 2, 'Ada definisi formal tentang perubahan proses majemen di perusahaan, termasuk kategorisasi, prioritas, prosedur darurat, otorisasi perubahan dan manajemen rilis, dan kepatuhan yang muncul. '),
(435, 4, 27, 2, 'Penyelesaian masalah berlangsung, dan proses sering dilewati'),
(436, 4, 27, 2, 'Kesalahan bisa terjadi dan perubahan tidak sah kadang-kadang terjadi. '),
(437, 4, 27, 2, 'Analisis dari dampak perubahan TI pada kegiatan usaha menjadi diformalkan, untuk mendukung penggelaran yang direncanakan aplikasi baru dan teknologi.'),
(438, 5, 27, 2, 'Proses manajemen perubahan dikembangkan dengan baik dan konsisten diikuti oleh semua perubahan, dan manajemen berkeyakinan bahwa ada pengecualian minimal.'),
(439, 5, 27, 2, 'Proses ini efisien dan efektif, tetapi bergantung pada prosedur manual yang cukup dan kontrol untuk memastikan bahwa kualitas tercapai.'),
(440, 5, 27, 2, 'Semua perubahan tunduk pada perencanaan menyeluruh dan penilaian dampak untuk meminimalkan kemungkinan masalah pasca produksi'),
(441, 5, 27, 2, 'Sebuah proses persetujuan untuk perubahan di tempat.'),
(442, 5, 27, 2, 'Perubahan dokumentasi manajemen berjalan dan benar, dengan perubahan secara resmi dilacak.'),
(443, 5, 27, 2, 'Dokumentasi konfigurasi umumnya akurat.'),
(444, 5, 27, 2, 'Perubahan pengelolaan perencanaan TI dan pelaksanaan menjadi lebih terintegrasi dengan perubahan dalam proses bisnis, untuk memastikan bahwa pelatihan, perubahan organisasi dan isu keberlanjutan dibahas.'),
(445, 5, 27, 2, 'Ada peningkatan koordinasi antara manajemen perubahan TI dan desain ulang proses bisnis.'),
(446, 5, 27, 2, 'Ada proses yang konsisten untuk memantau kualitas dan kinerja dari proses manajemen perubahan.'),
(447, 6, 27, 2, 'Proses manajemen perubahan secara berkala ditinjau dan diperbarui untuk digunakan sesuai dengan praktek yang baik.'),
(448, 6, 27, 2, 'Proses kajian mencerminkan hasil pemantauan.'),
(449, 6, 27, 2, 'Informasi konfigurasi berbasis komputer dan menyediakan kontrol versi.'),
(450, 6, 27, 2, ' Penelusuran perubahan sudah canggih dan termasuk alat untuk mendeteksi perangkat lunak yang tidak sah dan tidak berlisensi.'),
(451, 6, 27, 2, 'Manajemen perubahan TI terintegrasi dengan manajemen bisnis perubahan untuk memastikan bahwa TI adalah enabler dalam meningkatkan produktivitas dan menciptakan peluang bisnis baru bagi organisasi.'),
(452, 1, 28, 2, 'Kurang lengkapnya instalasi formal atau proses akreditasi, dan tidak manajemen senior maupun staf TI menyadari kebutuhan untuk memastikan bahwa solusi yang cocok untuk tujuan yang dimaksudkan.'),
(453, 2, 28, 2, 'Ada kesadaran akan kebutuhan untuk memverifikasi dan mengkonfirmasi bahwa solusi diimplementasikan melayani tujuan yang dimaksudkan.'),
(454, 2, 28, 2, 'Pengujian dilakukan untuk beberapa proyek, tapi inisiatif untuk pengujian diserahkan kepada tim proyek secara individu, dan pendekatan yang diambil bervariasi. '),
(455, 2, 28, 2, 'Akreditasi Formal dan sign-off jarang atau tidak ada.'),
(456, 3, 28, 2, 'Ada beberapa konsistensi antara pendekatan pengujian dan akreditasi, tetapi biasanya tidak berdasarkan metodologi apapun. '),
(457, 3, 28, 2, 'Secara  individu tim pengembangan biasanya menentukan pendekatan pengujian, dan biasanya tidak adanya pengujian yang terintegrasi. '),
(458, 3, 28, 2, 'Terdapat proses persetujuan informal.'),
(459, 4, 28, 2, 'Telah ada sebuah metodologi formal yang berkaitan dengan instalasi, konversi migrasi, dan penerimaan'),
(460, 4, 28, 2, 'Instalasi TI dan akreditasi proses diintegrasikan ke dalam siklus hidup sistem dan otomatis sampai batas tertentu.'),
(461, 4, 28, 2, 'Pelatihan, pengujian dan transisi ke status produksi dan akreditasi cenderung bervariasi dari proses yang ditetapkan, berdasarkan keputusan individu.'),
(462, 4, 28, 2, 'Kualitas sistem memasuki produksi tidak konsisten, dengan sistem baru sering menghasilkan tingkat signifikan pasca-implementasi masalah.'),
(463, 5, 28, 2, 'Prosedur yang diresmikan dan dikembangkan untuk menjadi terorganisasi dengan baik dan praktis dengan lingkungan pengujian didefinisikan dan prosedur akreditasi.'),
(464, 5, 28, 2, 'Dalam prakteknya, semua perubahan besar pada sistem mengikuti pendekatan formal'),
(465, 5, 28, 2, 'Rapat evaluasi kebutuhan pengguna adalah standar dan terukur, menghasilkan alat ukur yang dapat secara efektif ditinjau dan dianalisis oleh manajemen.'),
(466, 5, 28, 2, 'Kualitas sistem memasuki produksi yang memuaskan untuk manajemen bahkan dengan tingkat yang wajar pasca-implementasi masalah. '),
(467, 5, 28, 2, 'Otomasi proses ini ad hoc dan proyek-dependen.'),
(468, 5, 28, 2, 'Manajemen mungkin puas dengan tingkat saat ini akan efisiensi meskipun kurangnya pada pasca implementaiton evaluasi.'),
(469, 5, 28, 2, 'Sistem uji secara memadai mencerminkan lingkungan hidup.'),
(470, 5, 28, 2, 'Stress testing untuk sistem baru dan pengujian regresi untuk sistem yang ada diterapkan untuk proyek-proyek besar.'),
(471, 6, 28, 2, 'Proses instalasi dan akreditasi telah disempurnakan ke tingkat praktek yang baik, berdasarkan hasil perbaikan yang terus menerus dan perbaikan.'),
(472, 6, 28, 2, 'Instalasi TI dan proses akreditasi sepenuhnya terintegrasi ke dalam siklus hidup sistem dan otomatis jika diperlukan, memfasilitasi pelatihan yang paling efisien, pengujian dan transisi ke status produksi dari sistem baru. '),
(473, 6, 28, 2, 'Lingkungan pengujian yang berkembang dengan baik, register permasalahan dan proses kesalahan resolusi memastikan transisi yang efisien dan efektif untuk lingkungan produksi'),
(474, 6, 28, 2, 'Akreditasi biasanya terjadi bukan dengan pengerjaan ulang, dan pasca-implementasi permasalahan biasanya sebatas pada koreksi kecil'),
(475, 6, 28, 2, 'Pasca pelaksanaan Evaluasi tersebut adalah standar, dengan pelajaran yang disalurkan kembali ke dalam proses untuk menjamin perbaikan mutu berkelanjutan.'),
(476, 6, 28, 2, 'Stress testing untuk sistem baru dan pengujian regresi untuk sistem dimodifikasi secara konsisten diterapkan.'),
(477, 1, 10, 3, 'Manajemen tidak mengakui kebutuhan akan suatu proses untuk menentukan tingkat layanan.'),
(478, 1, 10, 3, 'Akuntabilitas dan tanggung jawab untuk memantau mereka tidak ditugaskan.'),
(479, 2, 10, 3, 'Ada kesadaran akan kebutuhan untuk mengelola tingkat pelayanan, namun proses ini informal dan reaktif. '),
(480, 2, 10, 3, 'Tanggung jawab dan akuntabilitas untuk mendefinisikan dan mengelola layanan tidak didefinisikan. '),
(481, 2, 10, 3, 'Jika pengukuran kinerja ada, mereka hanya kualitatif dengan tujuan lokasi secara tepat didefinisikan. '),
(482, 2, 10, 3, 'Pelaporan informal, jarang dan tidak konsisten.'),
(483, 3, 10, 3, 'Ada disepakati tingkat pelayanan, tetapi mereka informal dan tidak ditinjau. '),
(484, 3, 10, 3, 'Layanan pelaporan tingkat tidak lengkap dan mungkin tidak relevan atau menyesatkan bagi pelanggan.'),
(485, 3, 10, 3, 'Layanan pelaporan tingkat tergantung pada keterampilan dan inisiatif manajer individu.'),
(486, 3, 10, 3, 'Sebuah service level koordinator ditunjuk dengan tanggung jawab didefinisikan, tetapi otoritas terbatas.'),
(487, 3, 10, 3, 'Jika suatu proses untuk kepatuhan terhadap SLA ada, itu bersifat sukarela dan tidak ditegakkan.'),
(488, 4, 10, 3, 'Tanggung jawab didefinisikan dengan baik, tetapi dengan wewenang sendiri.'),
(489, 4, 10, 3, 'Proses pengembangan SLA adalah di tempat dengan pos-pos pemeriksaan untuk menilai kembali tingkat layanan dan kepuasan pelanggan. '),
(490, 4, 10, 3, 'Layanan dan tingkat layanan didefinisikan, didokumentasikan dan disepakati menggunakan proses standar.'),
(491, 4, 10, 3, 'Layanan kekurangan tingkat diidentifikasi, tetapi prosedur tentang cara untuk menyelesaikan kekurangan yang informal. '),
(492, 4, 10, 3, 'Ada hubungan yang jelas antara tingkat pelayanan yang diharapkan dan pencapaian dana yang disediakan.'),
(493, 4, 10, 3, 'Tingkat layanan yang disepakati, tetapi mereka mungkin tidak memenuhi kebutuhan bisnis.'),
(494, 5, 10, 3, 'Tingkat layanan semakin didefinisikan dalam fase sistem persyaratan definisi dan dimasukkan ke dalam desain dari aplikasi dan lingkungan operasional. '),
(495, 5, 10, 3, 'Kepuasan pelanggan secara rutin diukur dan dinilai. Ukuran kinerja mencerminkan kebutuhan pelanggan, bukan TI gol. '),
(496, 5, 10, 3, 'Langkah-langkah untuk menilai tingkat pelayanan menjadi standar dan mencerminkan norma-norma industri.'),
(497, 5, 10, 3, 'Kriteria untuk menentukan tingkat layanan didasarkan pada kekritisan bisnis dan termasuk ketersediaan, keandalan, kinerja,\nkapasitas pertumbuhan, dukungan pengguna, kesinambungan perencanaan dan pertimbangan keamanan. '),
(498, 5, 10, 3, 'Analisis akar penyebab secara rutin dilakukan ketika tingkat layanan tidak terpenuhi. Proses pelaporan untuk pemantauan tingkat layanan menjadi semakin otomatis. '),
(499, 5, 10, 3, 'Risiko operasional dan keuangan yang terkait dengan tidak memenuhi disepakati tingkat layanan didefinisikan dan dipahami secara jelas. '),
(500, 5, 10, 3, 'Sebuah sistem formal pengukuran dilembagakan dan dipertahankan.'),
(501, 6, 10, 3, 'Tingkat layanan akan terus menerus dievaluasi kembali untuk memastikan tujuan penyelarasan TI dan bisnis, sementara mengambil keuntungan dari teknologi, termasuk rasio biaya-manfaat. Semua proses service level manajemen tunduk pada perbaikan terus-menerus.'),
(502, 6, 10, 3, 'Tingkat kepuasan pelanggan akan terus menerus dipantau dan dikelola. '),
(503, 6, 10, 3, 'Tingkat layanan yang diharapkan mencerminkan tujuan strategis unit bisnis dan dievaluasi terhadap norma-norma industri. '),
(504, 6, 10, 3, 'Manajemen TI memiliki sumber daya dan akuntabilitas yang dibutuhkan untuk memenuhi target tingkat layanan, dan kompensasi ini disusun untuk memberikan insentif untuk memenuhi target ini.'),
(505, 6, 10, 3, 'Manajemen senior memantau metrik kinerja sebagai bagian dari proses perbaikan yang berkelanjutan.'),
(506, 1, 11, 3, '\nTanggung jawab dan akuntabilitas tidak akan ditetapkan. '),
(507, 1, 11, 3, 'Tidak ada kebijakan dan prosedur formal mengenai kontrak dengan pihak ketiga.'),
(508, 1, 11, 3, 'Layanan pihak ketiga yang tidak disetujui atau ditinjau oleh manajemen.'),
(509, 1, 11, 3, 'Ada banyak kegiatan pengukuran dan tidak ada\npelaporan oleh pihak ketiga. '),
(510, 1, 11, 3, 'Dengan tidak adanya kewajiban kontraktual untuk pelaporan, manajemen senior tidak mengetahui kualitas pelayanan yang disampaikan.'),
(511, 2, 11, 3, 'Manajemen menyadari adanya kebutuhan untuk memiliki kebijakan dan prosedur terdokumentasi untuk pihak ketiga manajemen, termasuk menandatangani kontrak. '),
(512, 2, 11, 3, 'Tidak ada persyaratan standar dari perjanjian dengan penyedia layanan. '),
(513, 2, 11, 3, 'Pengukuran layanan yang diberikan adalah informal dan reaktif.'),
(514, 2, 11, 3, 'Praktek tergantung pada pengalaman (misalnya, pada permintaan) dari individu dan pemasok.'),
(515, 3, 11, 3, 'Proses untuk mengawasi penyedia layanan pihak ketiga, risiko yang terkait dan penyediaan jasa informal.\n '),
(516, 3, 11, 3, 'Sebuah ditandatangani, proforma kontrak digunakan dengan istilah vendor yang standar dan kondisi (misalnya, deskripsi layanan yang akan diberikan)'),
(517, 3, 11, 3, 'laporan\nlayanan yang diberikan yang tersedia, tetapi tidak mendukung tujuan bisnis.\n'),
(518, 4, 11, 3, 'Terdokumentasi dengan baik prosedur berada di tempat untuk mengatur layanan pihak ketiga, dengan proses yang jelas untuk pemeriksaan dan bernegosiasi dengan vendor.'),
(519, 4, 11, 3, 'Ketika kesepakatan untuk penyediaan layanan dibuat, hubungan dengan pihak ketiga adalah murni satu kontrak.'),
(520, 4, 11, 3, 'Sifat dari layanan yang akan diberikan secara rinci dalam kontrak dan mencakup persyaratan hukum, operasional dan kontrol.'),
(521, 4, 11, 3, 'Itu tanggung jawab untuk mengawasi layanan pihak ketiga diberikan.'),
(522, 4, 11, 3, 'Istilah kontrak didasarkan pada template standar. Bisnis risiko yang berkaitan dengan layanan pihak ketiga dinilai dan dilaporkan.'),
(523, 5, 11, 3, 'Kriteria formal dan standar yang ditetapkan untuk menentukan aturan keterlibatan, termasuk lingkup pekerjaan, layanan / kiriman yang akan diberikan, asumsi, jadwal, biaya, pengaturan penagihan dan tanggung jawab. '),
(524, 5, 11, 3, 'tanggung Jawab untuk kontrak dan manajemen vendor ditugaskan.'),
(525, 5, 11, 3, 'Penjual kualifikasi, risiko dan kemampuan diverifikasi secara terus menerus. '),
(526, 5, 11, 3, 'Layanan persyaratan yang ditetapkan dan terkait dengan tujuan bisnis. '),
(527, 5, 11, 3, 'Sebuah proses ada untuk meninjau kinerja layanan terhadap kontrak\nistilah, memberikan masukan untuk menilai saat ini dan masa depan layanan pihak ketiga.'),
(528, 5, 11, 3, 'Model penentuan harga transfer yang digunakan dalam proses pengadaan.'),
(529, 5, 11, 3, 'Semua pihak yang terlibat menyadari harapan layanan, biaya dan tonggak. '),
(530, 5, 11, 3, 'Disepakati tujuan dan metrik untuk pengawasan penyedia layanan ada.'),
(531, 6, 11, 3, 'Kontrak ditandatangani dengan pihak ketiga ditinjau secara berkala dengan interval yang telah ditetapkan.'),
(532, 6, 11, 3, 'Tanggung jawab untuk mengelola pemasok dan kualitas layanan yang diberikan diberikan.'),
(533, 6, 11, 3, 'Bukti kepatuhan kontrak untuk operasional, ketentuan hukum dan kontrol dipantau, dan tindakan korektif diberlakukan.'),
(534, 6, 11, 3, 'Pihak ketiga akan direview secara periodik independen, dan umpan balik pada kinerja disediakan dan digunakan untuk meningkatkan layanan. '),
(535, 6, 11, 3, 'Pengukuran bervariasi dalam menanggapi kondisi bisnis yang berubah.'),
(536, 6, 11, 3, 'tindakan mendukung deteksi dini potensi masalah dengan layanan pihak ketiga.'),
(537, 6, 11, 3, 'Komprehensif, pelaporan didefinisikan prestasi tingkat layanan adalah terkait dengan kompensasi pihak ketiga.'),
(538, 6, 11, 3, 'Manajemen menyesuaikan proses pihak ketiga akuisisi pelayanan dan pemantauan berdasarkan para ukur.'),
(539, 1, 29, 3, 'Manajemen tidak mengakui bahwa proses bisnis utama mungkin memerlukan tingkat kinerja yang tinggi dari TI atau bahwa keseluruhan bisnis perlu untuk layanan TI dapat melebihi kapasitas.'),
(540, 1, 29, 3, 'Tidak ada perencanaan kapasitas proses di tempat.'),
(541, 2, 29, 3, 'Pengguna merancang workarounds untuk kendala kinerja dan kapasitas. '),
(542, 2, 29, 3, 'Ada apresiasi yang sangat sedikit dari kebutuhan kapasitas dan kinerja perencanaan oleh pemilik proses bisnis. '),
(543, 2, 29, 3, 'Tindakan yang diambil terhadap pengelolaan kinerja dan kapasitas biasanya reaktif. '),
(544, 2, 29, 3, 'Proses untuk perencanaan kapasitas dan kinerja adalah informal.'),
(545, 2, 29, 3, 'Pemahaman dari kapasitas saat ini dan masa depan dan kinerja sumber daya TI yang terbatas.'),
(546, 3, 29, 3, 'Bisnis dan manajemen TI menyadari dampak dari tidak mengelola kinerja dan kapasitas. '),
(547, 3, 29, 3, 'Kebutuhan kinerja umumnya bertemu berdasarkan penilaian dari sistem individu dan pengetahuan tentang dukungan dan tim proyek.'),
(548, 3, 29, 3, 'Beberapa alat individu mungkin digunakan untuk mendiagnosa masalah kinerja dan kapasitas, tetapi konsistensi hasil tergantung pada keahlian dari individu kunci.'),
(549, 3, 29, 3, 'Tidak ada penilaian keseluruhan dari kinerja kemampuan IT atau pertimbangan puncak dan terburuk situasi loading. '),
(550, 3, 29, 3, 'Ketersediaan masalah yang mungkin terjadi dengan cara yang tak terduga dan acak dan memakan waktu yang cukup untuk mendiagnosa dan memperbaiki. '),
(551, 3, 29, 3, 'Setiap pengukuran kinerja didasarkan terutama pada kebutuhan IT dan bukan pada kebutuhan pelanggan.'),
(552, 4, 29, 3, 'Kinerja dan kapasitas persyaratan yang ditetapkan di seluruh siklus hidup sistem. '),
(553, 4, 29, 3, 'Ada persyaratan layanan didefinisikan tingkat dan metrik yang dapat digunakan untuk mengukur kinerja operasional.'),
(554, 4, 29, 3, 'Masa Depan kinerja dan kapasitas persyaratan dimodelkan\nmengikuti proses didefinisikan. '),
(555, 4, 29, 3, 'Laporan yang dihasilkan memberikan statistik kinerja. '),
(556, 4, 29, 3, 'Kinerja dan kapasitas masalah yang berhubungan adalah masih mungkin terjadi dan memakan waktu untuk memperbaiki.'),
(557, 4, 29, 3, 'Meskipun tingkat layanan diterbitkan, pengguna dan pelanggan mungkin merasa skeptis tentang kemampuan layanan.'),
(558, 5, 29, 3, 'Proses dan alat yang tersedia untuk mengukur penggunaan sistem, kinerja dan kapasitas, dan hasilnya dibandingkan dengan tujuan yang ditetapkan.'),
(559, 5, 29, 3, 'Up-to-date informasi tersedia, memberikan statistik kinerja standar dan mengingatkan insiden disebabkan oleh tidak cukup\nkinerja dan kapasitas.'),
(560, 5, 29, 3, 'yang tidak memadai dan masalah kapasitas yang ditangani menurut didefinisikan dan standar\nprosedur.'),
(561, 5, 29, 3, 'Alat bantu otomatis yang digunakan untuk memantau sumber daya yang spesifik, seperti jaringan ruang disk, server dan gateway jaringan.'),
(562, 5, 29, 3, 'Kinerja dan kapasitas statistik dilaporkan dalam hal proses bisnis, sehingga pengguna dan pelanggan memahami TI tingkat layanan.'),
(563, 5, 29, 3, 'Pengguna merasa puas dengan kemampuan jasa kini dan mungkin menuntut tingkat ketersediaan baru dan ditingkatkan.'),
(564, 5, 29, 3, 'Metrik untuk pengukuran kinerja TI dan kapasitas disepakati tetapi mungkin hanya secara sporadis dan tidak konsisten diterapkan.'),
(565, 6, 29, 3, 'Kinerja dan kapasitas rencana yang sinkron dengan perkiraan bisnis permintaan. '),
(566, 6, 29, 3, 'Infrastruktur TI dan bisnis permintaan akan dikaji teratur untuk memastikan bahwa kapasitas optimum dicapai pada biaya serendah mungkin.'),
(567, 6, 29, 3, 'Alat untuk monitoring\nkritis sumber daya TI yang standar dan digunakan di berbagai platform dan terkait dengan sistem manajemen insiden organisationwide. '),
(568, 6, 29, 3, 'Alat monitor mendeteksi dan secara otomatis dapat memperbaiki kinerja dan kapasitas-isu terkait. '),
(569, 6, 29, 3, 'Analisis trend dilakukan dan menunjukkan masalah kinerja dekat disebabkan oleh volume bisnis meningkat, memungkinkan perencanaan dan menghindari terduga masalah. '),
(570, 6, 29, 3, 'Metrik untuk mengukur kinerja TI dan kapasitas telah fine-tuned ke ukuran hasil dan indikator kinerja untuk semua proses bisnis yang penting dan secara konsisten diukur.'),
(571, 6, 29, 3, 'Manajemen menyesuaikan perencanaan kinerja dan kapasitas\nberikut analisis tindakan ini.\n'),
(572, 1, 30, 3, 'Tidak ada pemahaman tentang risiko, kerentanan dan ancaman terhadap operasi TI atau dampak dari hilangnya layanan TI ke bisnis. '),
(573, 1, 30, 3, 'Kelangsungan pelayanan tidak dianggap memerlukan perhatian manajemen.'),
(574, 2, 30, 3, 'Tanggung Jawab untuk layanan yang kontinu informal, dan kewenangan untuk melaksanakan tanggung jawab terbatas.'),
(575, 2, 30, 3, 'Manajemen menjadi sadar akan risiko yang terkait dengan dan kebutuhan untuk layanan secara kontinu. '),
(576, 2, 30, 3, 'Fokus perhatian manajemen pada terus menerus layanan adalah pada sumber daya infrastruktur, bukan pada layanan TI.'),
(577, 2, 30, 3, 'Pengguna mengimplementasikan workarounds dalam menanggapi gangguan dari jasa. Tanggapan TI untuk gangguan utama adalah reaktif dan tidak siap.'),
(578, 2, 30, 3, 'Pemadaman yang direncanakan dijadwalkan bertemu kebutuhan TI tetapi melakukan tidak mempertimbangkan kebutuhan bisnis.'),
(579, 3, 30, 3, 'Tanggung jawab untuk memastikan pelayanan yang berkesinambungan diberikan. '),
(580, 3, 30, 3, 'Pendekatan untuk memastikan pelayanan yang berkesinambungan terfragmentasi.'),
(581, 3, 30, 3, 'Pelaporan ketersediaan sistem adalah sporadis, mungkin tidak lengkap dan tidak memakan dampak bisnis ke rekening.'),
(582, 3, 30, 3, 'Tidak ada didokumentasikan TI rencana kontinuitas, meskipun ada komitmen untuk ketersediaan layanan secara kontinu dan prinsip-prinsip utama diketahui. '),
(583, 3, 30, 3, 'Inventarisasi sistem kritis dan komponen ada, tetapi mungkin tidak dapat diandalkan.'),
(584, 3, 30, 3, 'Praktek pelayanan terus menerus muncul, tapi keberhasilan bergantung pada individu.'),
(585, 4, 30, 3, 'Akuntabilitas untuk pengelolaan layanan secara kontinu adalah jelas. '),
(586, 4, 30, 3, 'Tanggung jawab untuk perencanaan layanan secara kontinu dan pengujian secara jelas didefinisikan dan ditugaskan. '),
(587, 4, 30, 3, 'Rencana kelangsungan TI didokumentasikan dan berdasarkan kekritisan sistem dan dampak bisnis.'),
(588, 4, 30, 3, 'Ada pelaporan periodik pengujian layanan secara kontinu. '),
(589, 4, 30, 3, 'Individu mengambil inisiatif untuk mengikuti standar dan menerima pelatihan untuk menangani insiden besar atau bencana. '),
(590, 4, 30, 3, 'Manajemen konsisten mengkomunikasikan kebutuhan untuk merencanakan untuk memastikan pelayanan yang berkesinambungan.'),
(591, 4, 30, 3, 'Tinggi ketersediaan komponen dan sistem redundansi sedang diterapkan. '),
(592, 4, 30, 3, 'Inventarisasi sistem kritis dan komponen adalah dipertahankan.'),
(593, 5, 30, 3, 'Tanggung Jawab dan standar untuk pelayanan yang berkesinambungan ditegakkan. '),
(594, 5, 30, 3, 'Tanggung jawab untuk mempertahankan rencana pelayanan yang berkesinambungan adalah\nditugaskan.'),
(595, 5, 30, 3, 'Kegiatan pemeliharaan berdasarkan hasil pengujian pelayanan yang berkesinambungan, praktik internal yang baik, dan berubah TI dan bisnis lingkungan. '),
(596, 5, 30, 3, 'Data terstruktur tentang layanan secara kontinu sedang dikumpulkan, dianalisis, dilaporkan dan ditindaklanjuti.'),
(597, 5, 30, 3, 'Resmi dan pelatihan wajib diberikan pada proses pelayanan yang berkesinambungan.'),
(598, 5, 30, 3, 'Praktek ketersediaan sistem yang baik sedang konsisten\ndikerahkan.'),
(599, 5, 30, 3, 'Ketersediaan praktik dan perencanaan pelayanan terus menerus mempengaruhi satu sama lain. '),
(600, 5, 30, 3, 'Insiden diskontinuitas diklasifikasikan, dan meningkatkan eskalasi jalan untuk setiap dikenal untuk semua yang terlibat.'),
(601, 5, 30, 3, 'Tujuan dan metrik untuk layanan secara kontinu telah dikembangkan dan disepakati tetapi mungkin tidak konsisten diukur.'),
(602, 6, 30, 3, 'Terintegrasi proses layanan secara kontinu mempertimbangkan pembandingan account dan praktek eksternal terbaik.'),
(603, 6, 30, 3, 'Rencana kelangsungan TI terintegrasi dengan kelangsungan bisnis merencanakan dan secara rutin dipertahankan.'),
(604, 6, 30, 3, 'Persyaratan untuk memastikan pelayanan yang berkesinambungan adalah dijamin dari vendor dan pemasok utama.'),
(605, 6, 30, 3, 'Pengujian global dari rencana kesinambungan TI terjadi, dan hasil tes adalah masukan untuk memperbarui\nrencana.'),
(606, 6, 30, 3, 'Pengumpulan dan analisis data yang digunakan untuk perbaikan terus-menerus dari proses. '),
(607, 6, 30, 3, 'Ketersediaan praktek dan berkesinambungan perencanaan pelayanan sepenuhnya selaras. '),
(608, 6, 30, 3, 'Manajemen memastikan bahwa bencana atau kejadian besar tidak akan terjadi sebagai akibat dari satu titik kegagalan.'),
(609, 6, 30, 3, 'Praktek Eskalasi dipahami dan benar-benar ditegakkan. Tujuan dan metrik pada pencapaian pelayanan yang berkesinambungan adalah\ndiukur dengan cara yang sistematis.'),
(610, 6, 30, 3, 'Manajemen menyesuaikan perencanaan untuk layanan secara kontinu dalam menanggapi langkah-langkah.'),
(611, 1, 31, 3, '\nOrganisasi tidak menyadari kebutuhan untuk keamanan IT. '),
(612, 1, 31, 3, 'Tanggung jawab dan akuntabilitas tidak ditugaskan untuk memastikan keamanan. '),
(613, 1, 31, 3, 'Tindakan mendukung manajemen keamanan TI tidak diimplementasikan.'),
(614, 1, 31, 3, 'Tidak ada keamanan TI pelaporan dan tidak ada respon proses untuk IT pelanggaran keamanan.'),
(615, 1, 31, 3, 'Ada kekurangan lengkap dari sebuah proses keamanan sistem administrasi dikenali.'),
(616, 2, 31, 3, 'Organisasi ini mengakui perlunya keamanan IT. '),
(617, 2, 31, 3, 'Kesadaran akan kebutuhan untuk keamanan terutama tergantung pada individu. '),
(618, 2, 31, 3, 'TI keamanan ditujukan secara reaktif'),
(619, 2, 31, 3, 'Keamanan TI tidak diukur. \n'),
(620, 2, 31, 3, 'Terdeteksi TI pelanggaran keamanan memanggil tudingan\ntanggapan, karena tanggung jawab tidak jelas.'),
(621, 2, 31, 3, ' Responses to TI pelanggaran keamanan tidak bisa ditebak.'),
(622, 3, 31, 3, 'Tanggung jawab dan akuntabilitas untuk TI keamanan ditugaskan ke keamanan TI koordinator, meskipun otoritas manajemen dari koordinator terbatas.'),
(623, 3, 31, 3, 'Kesadaran akan kebutuhan untuk keamanan terfragmentasi dan terbatas.'),
(624, 3, 31, 3, 'Meskipun keamanan-informasi yang relevan adalah diproduksi oleh sistem, tidak dianalisis.'),
(625, 3, 31, 3, 'Layanan dari pihak ketiga yang tidak dapat memenuhi kebutuhan keamanan spesifik dari organisasi. '),
(626, 3, 31, 3, 'Kebijakan keamanan sedang dikembangkan, tetapi keterampilan dan alat-alat yang tidak memadai.'),
(627, 3, 31, 3, 'TI pelaporan keamanan tidak lengkap, menyesatkan atau tidak yang bersangkutan. '),
(628, 3, 31, 3, 'Pelatihan keamanan tersedia tetapi yang terutama dilakukan atas inisiatif individu.'),
(629, 3, 31, 3, 'Keamanan TI adalah\ndilihat terutama sebagai tanggung jawab dan domain TI dan bisnis tidak melihat TI sebagai keamanan dalam domainnya.\n'),
(630, 4, 31, 3, 'Kesadaran keamanan ada dan dipromosikan oleh manajemen. '),
(631, 4, 31, 3, 'TI prosedur keamanan ditetapkan dan sejalan dengan kebijakan TI keamanan.'),
(632, 4, 31, 3, 'Tanggung jawab keamanan TI diberikan dan dipahami, tetapi tidak konsisten. '),
(633, 4, 31, 3, 'Sebuah rencana keamanan TI dan keamanan solusi ada sebagai didorong oleh analisis risiko.'),
(634, 4, 31, 3, 'Pelaporan keamanan tidak berisi fokus bisnis yang jelas. '),
(635, 4, 31, 3, ' Ad hoc pengujian keamanan (misalnya, intrusi pengujian) dilakukan. '),
(636, 4, 31, 3, 'Pelatihan keamanan yang tersedia untuk TI dan bisnis, tetapi hanya secara informal dijadwalkan dan dikelola'),
(637, 5, 31, 3, 'Tanggung jawab untuk keamanan TI secara jelas ditetapkan, dikelola dan ditegakkan. '),
(638, 5, 31, 3, 'Keamanan TI risiko dan analisis dampak secara konsisten dilakukan. '),
(639, 5, 31, 3, 'Keamanan kebijakan dan prosedur yang dilengkapi dengan acuan dasar keamanan tertentu.'),
(640, 5, 31, 3, 'Paparan metode untuk mempromosikan kesadaran keamanan adalah wajib.'),
(641, 5, 31, 3, 'Identifikasi pengguna, otentikasi dan otorisasi dibakukan.'),
(642, 5, 31, 3, 'Keamanan sertifikasi dikejar untuk anggota staf yang bertanggung jawab untuk audit dan pengelolaan keamanan.'),
(643, 5, 31, 3, 'Pengujian keamanan selesai menggunakan\nproses standar dan formal, yang menyebabkan peningkatan tingkat keamanan. '),
(644, 5, 31, 3, 'Proses TI keamanan terkoordinasi dengan keseluruhan organisasi keamanan fungsi. '),
(645, 5, 31, 3, 'TI pelaporan keamanan terkait dengan tujuan bisnis.'),
(646, 5, 31, 3, 'TI pelatihan keamanan dilakukan baik di bisnis dan TI.'),
(647, 5, 31, 3, 'TI pelatihan keamanan direncanakan dan dikelola dengan cara yang menanggapi kebutuhan bisnis dan resiko keamanan yang didefinisikan profil.'),
(648, 5, 31, 3, 'Tujuan dan metrik untuk manajemen keamanan yang telah ditetapkan namun belum diukur.'),
(649, 6, 31, 3, 'Keamanan IT adalah tanggung jawab bersama dari bisnis dan manajemen TI dan terintegrasi dengan tujuan bisnis keamanan perusahaan.'),
(650, 6, 31, 3, 'TI persyaratan keamanan didefinisikan dengan jelas, dioptimalkan dan termasuk dalam rencana keamanan disetujui.'),
(651, 6, 31, 3, 'Pengguna dan pelanggan semakin akuntabel untuk mendefinisikan persyaratan keamanan, dan fungsi keamanan yang terintegrasi dengan aplikasi pada tahap desain. '),
(652, 6, 31, 3, 'Keamanan insiden segera ditangani dengan prosedur penanganan insiden formal didukung oleh alat otomatis.'),
(653, 6, 31, 3, 'periodik keamanan\npenilaian dilakukan untuk mengevaluasi efektivitas pelaksanaan rencana keamanan.  '),
(654, 6, 31, 3, 'Informasi tentang ancaman dan\nkerentanan secara sistematis dikumpulkan dan dianalisis.'),
(655, 6, 31, 3, 'Kontrol yang memadai untuk mengurangi risiko yang segera dikomunikasikan dan\ndiimplementasikan. '),
(656, 6, 31, 3, 'Keamanan pengujian, analisis akar penyebab insiden keamanan dan identifikasi proaktif risiko digunakan untuk terus menerus\nproses perbaikan. '),
(657, 6, 31, 3, 'Keamanan proses dan teknologi yang terintegrasi organisationwide. '),
(658, 6, 31, 3, 'Metrik untuk manajemen keamanan\ndiukur, dikumpulkan dan dikomunikasikan.'),
(659, 6, 31, 3, 'Manajemen menggunakan langkah-langkah untuk menyesuaikan rencana keamanan dalam proses perbaikan yang berkelanjutan.\n\n'),
(660, 1, 32, 3, 'Ada kekurangan lengkap dari setiap proses dikenali untuk mengidentifikasi dan mengalokasikan biaya sehubungan dengan layanan informasi disediakan.'),
(661, 1, 32, 3, 'Organisasi ini bahkan tidak mengakui bahwa ada masalah yang akan dibahas berkaitan dengan akuntansi biaya,dan ada tidak ada komunikasi tentang masalah ini.'),
(662, 2, 32, 3, 'Ada pemahaman umum dari biaya keseluruhan untuk layanan informasi, tetapi tidak ada rincian biaya per pengguna, pelanggan, departemen, kelompok pengguna, fungsi layanan, proyek atau kiriman.'),
(663, 2, 32, 3, 'Hampir tidak ada pemantauan biaya, dengan hanya agregat\nbiaya pelaporan ke manajemen. '),
(664, 2, 32, 3, 'Biaya TI dialokasikan sebagai overhead operasional.'),
(665, 2, 32, 3, 'Bisnis disediakan tanpa informasi tentang biaya atau manfaat dari penyediaan layanan.'),
(666, 3, 32, 3, 'Ada kesadaran keseluruhan kebutuhan untuk mengidentifikasi dan mengalokasikan biaya. '),
(667, 3, 32, 3, 'Alokasi biaya berdasarkan biaya informal atau yang belum sempurna\nasumsi, misalnya, biaya perangkat keras, dan hampir tidak ada link ke driver nilai. '),
(668, 3, 32, 3, 'Biaya proses alokasi yang berulang. '),
(669, 3, 32, 3, 'Ada tidak ada pelatihan formal atau komunikasi pada identifikasi biaya standar dan prosedur alokasi. '),
(670, 3, 32, 3, 'Tanggung jawab untuk pengumpulan atau\nalokasi biaya tidak ditugaskan.\n'),
(671, 4, 32, 3, 'Ada informasi didefinisikan dan didokumentasikan layanan model biaya.'),
(672, 4, 32, 3, 'Sebuah proses untuk menghubungkan biaya TI untuk layanan yang diberikan kepada pengguna didefinisikan.'),
(673, 4, 32, 3, 'Tingkat yang sesuai kesadaran ada tentang biaya yang timbul dari pelayanan informasi.'),
(674, 4, 32, 3, 'Bisnis ini diberikan\ndengan informasi dasar tentang biaya.\n'),
(675, 5, 32, 3, 'Informasi layanan tanggung jawab manajemen biaya dan akuntabilitas didefinisikan dan dipahami sepenuhnya pada semua tingkat dan didukung oleh pelatihan formal. '),
(676, 5, 32, 3, 'Biaya langsung dan tidak langsung diidentifikasi dan dilaporkan secara tepat waktu dan otomatis untuk manajemen, pemilik proses bisnis dan pengguna.'),
(677, 5, 32, 3, 'Umumnya, ada biaya pemantauan dan evaluasi, dan tindakan yang diambil jika biaya penyimpangan terdeteksi.'),
(678, 5, 32, 3, '\nInformasi layanan pelaporan biaya terkait dengan tujuan bisnis dan SLA dan dipantau oleh bisnis\nproses pemilik. '),
(679, 5, 32, 3, 'Sebuah fungsi keuangan mengkaji kewajaran proses alokasi biaya. \n'),
(680, 5, 32, 3, 'Sistem akuntansi biaya otomatisada, tapi difokuskan pada fungsi layanan informasi bukan pada proses bisnis. '),
(681, 5, 32, 3, 'Tujuan dan metrik setuju untuk biaya pengukuran tetapi tidak konsisten diukur.'),
(682, 6, 32, 3, 'Biaya layanan yang diberikan diidentifikasi, ditangkap, dirangkum dan dilaporkan kepada manajemen,pemilik proses bisnis dan pengguna.'),
(683, 6, 32, 3, 'Biaya diidentifikasi sebagai barang dikenakan biaya dan dapat mendukung sistem chargeback yang tepat untuk tagihan pengguna layanan yang diberikan,berdasarkan pemanfaatan.'),
(684, 6, 32, 3, 'Rincian biaya mendukung SLA. '),
(685, 6, 32, 3, 'Pemantauan dan evaluasi biaya layanan yang digunakan untuk mengoptimalkan biaya\nSumber daya TI. '),
(686, 6, 32, 3, 'Biaya angka yang diperoleh digunakan untuk membuktikan realisasi manfaat dalam proses penyusunan anggaran organisasi.'),
(687, 6, 32, 3, 'Informasi layanan pelaporan biaya memberikan peringatan dini dari perubahan kebutuhan bisnis melalui sistem pelaporan cerdas.'),
(688, 6, 32, 3, 'Sebuah variabel model biaya digunakan, berasal dari volume diproses untuk setiap layanan yang disediakan.'),
(689, 6, 32, 3, 'Manajemen biaya adalah disempurnakan ke tingkat industri\npraktek, berdasarkan hasil perbaikan yang terus menerus dan benchmarking dengan organisasi lain.'),
(690, 6, 32, 3, 'Optimasi biaya merupakan sedang berlangsung proses. Manajemen review tujuan dan metrik sebagai bagian dari proses peningkatan yang berkelanjutan dalam mendesain ulang sistem biaya pengukuran.'),
(691, 1, 33, 3, 'Ada kekurangan lengkap program pelatihan dan pendidikan.'),
(692, 1, 33, 3, 'Organisasi ini bahkan tidak mengakui bahwa ada masalah untuk menjadi ditujukan terhadap pelatihan, dan tidak ada komunikasi tentang masalah ini.'),
(693, 2, 33, 3, 'Ada bukti bahwa organisasi telah menyadari kebutuhan untuk program pelatihan dan pendidikan, tetapi tidak ada standar proses. '),
(694, 2, 33, 3, 'Dengan tidak adanya suatu program yang terorganisir, karyawan mengidentifikasi dan mengikuti kursus pelatihan sendiri.'),
(695, 2, 33, 3, 'Beberapa kursus pelatihan mengatasi masalah kode etik, kesadaran sistem keamanan dan praktik keamanan.'),
(696, 2, 33, 3, 'Keseluruhan pendekatan manajemen tidak memiliki kohesi apapun, dan hanya ada komunikasi sporadis dan tidak konsisten pada isu-isu dan pendekatan untuk\nmengatasi pelatihan dan pendidikan.\n'),
(697, 3, 33, 3, 'Ada kesadaran akan kebutuhan untuk program pelatihan dan pendidikan dan untuk proses yang terkait diseluruh organisasi.'),
(698, 3, 33, 3, 'Pelatihan mulai diidentifikasi dalam rencana kinerja individu karyawan.'),
(699, 3, 33, 3, 'Proses dikembangkan ketahap dimana informal, pelatihan dan pendidikan kelas diajarkan oleh instruktur yang berbeda, sementara yang mencakup materi pelajaran sama dengan berbagai pendekatan.'),
(700, 3, 33, 3, 'Beberapa kelas mengatasi masalah perilaku etis dan sistem kesadaran keamanan dan praktek. \n'),
(701, 3, 33, 3, 'Ada tinggi ketergantungan pada pengetahuan individu. '),
(702, 3, 33, 3, 'Namun, ada komunikasi yang konsisten pada isu-isu secara keseluruhan dan kebutuhan untuk mengatasi mereka.'),
(703, 4, 33, 3, 'Sebuah program pelatihan dan pendidikan yang dilembagakan dan dikomunikasikan, dan karyawan dan manajer mengidentifikasi dan mendokumentasikan pelatihan kebutuhan.'),
(704, 4, 33, 3, 'Pelatihan dan pendidikan proses adalah standar dan didokumentasikan. '),
(705, 4, 33, 3, 'Anggaran, sumber daya, fasilitas dan pelatih sedang\ndibentuk untuk mendukung program pelatihan dan pendidikan. '),
(706, 4, 33, 3, ' Kelas formal yang diberikan kepada karyawan pada perilaku etis dan sistem keamanan kesadaran dan praktek.\n'),
(707, 4, 33, 3, 'Kebanyakan pendidikan dan pelatihan proses dimonitor, tapi tidak semua penyimpangan cenderung terdeteksi oleh manajemen.'),
(708, 4, 33, 3, 'Analisis masalah pelatihan dan pendidikan hanya kadang-kadang diterapkan.'),
(709, 5, 33, 3, 'Ada pelatihan komprehensif dan program pendidikan yang menghasilkan hasil yang dapat diukur. '),
(710, 5, 33, 3, 'Pelatihan dan pendidikan adalah komponen dari jalur karir karyawan. '),
(711, 5, 33, 3, ' Manajemen mendukung dan menghadiri\npelatihan dan sesi pendidikan.'),
(712, 5, 33, 3, 'Semua karyawan menerima perilaku etis dan sistem pelatihan keamanan kesadaran.\n'),
(713, 5, 33, 3, 'Semua  karyawan menerima tingkat yang tepat dari sistem pelatihan praktik keamanan dalam melindungi terhadap bahaya dari kegagalan mempengaruhi ketersediaan, kerahasiaan dan integritas.'),
(714, 5, 33, 3, 'Manajemen memonitor kepatuhan dengan terus-menerus meninjau dan memperbarui pendidikan dan pelatihan program dan proses.'),
(715, 5, 33, 3, 'Proses berada di bawah perbaikan dan menegakkan praktik internal terbaik.'),
(716, 6, 33, 3, 'Pelatihan dan hasil pendidikan dalam peningkatan kinerja individu. '),
(717, 6, 33, 3, 'Pelatihan dan pendidikaN merupakan komponen penting dari karir karyawan jalan. '),
(718, 6, 33, 3, 'Anggaran yang cukup, sumber daya, fasilitas dan instruktur disediakan untuk pelatihan dan pendidikan\nprogram. '),
(719, 6, 33, 3, 'Proses ini disempurnakan dan berada di bawah perbaikan terus-menerus, mengambil keuntungan dari praktek-praktek terbaik dan eksternal jatuh tempo\npemodelan dengan benchmarking terhadap organisasi lain.'),
(720, 6, 33, 3, 'Semua masalah dan penyimpangan dianalisis untuk akar penyebab, dan efisien tindakan expediently diidentifikasi dan diambil. '),
(721, 6, 33, 3, 'Ada sikap positif terhadap perilaku etis dan prinsip sistem keamanan.'),
(722, 6, 33, 3, 'TI digunakan secara luas, terintegrasi dan dioptimalkan untuk mengotomatisasi dan menyediakan alat-alat untuk pelatihan dan pendidikan program.'),
(723, 6, 33, 3, 'Ahli pelatihan eksternal adalah leveraged, dan tolok ukur yang digunakan untuk panduan.'),
(724, 1, 34, 3, 'Tidak ada dukungan untuk mengatasi pertanyaan-pertanyaan pengguna dan isu.'),
(725, 1, 34, 3, 'Ada kekurangan lengkap dari proses manajemen insiden. '),
(726, 1, 34, 3, 'Organisasi tidak menyadari bahwa ada masalah yang harus ditangani.'),
(727, 2, 34, 3, 'Manajemen menyadari bahwa proses didukung oleh alat dan personil yang diperlukan untuk menanggapi permintaan pengguna dan mengelola resolusi insiden.'),
(728, 2, 34, 3, 'Ada, bagaimanapun, tidak ada proses standar, dan hanya mendukung reaktif disediakan. '),
(729, 2, 34, 3, 'Manajemen tidak memantau permintaan pengguna, insiden atau tren.'),
(730, 2, 34, 3, 'Tidak ada proses eskalasi untuk memastikan bahwa masalah diselesaikan.'),
(731, 3, 34, 3, ' Ada kesadaran akan kebutuhan organisasi untuk fungsi meja layanan dan proses manajemen insiden.'),
(732, 3, 34, 3, 'Bantuan tersedia secara informal melalui jaringan individu berpengetahuan. '),
(733, 3, 34, 3, 'Individu ini memiliki beberapa alat umum tersedia untuk membantu dalam resolusi insiden.'),
(734, 3, 34, 3, 'Tidak ada pelatihan formal dan komunikasi pada prosedur standar, dan tanggung jawab diserahkan kepada individu.'),
(735, 4, 34, 3, 'Kebutuhan akan fungsi meja pelayanan dan proses manajemen insiden diakui dan diterima. '),
(736, 4, 34, 3, 'Prosedur telah distandarisasi dan didokumentasikan, dan pelatihan informal yang terjadi. '),
(737, 4, 34, 3, 'Akan tetapi, meninggalkan kepada individu untuk mendapatkan pelatihan dan mengikuti standar. '),
(738, 4, 34, 3, 'Pertanyaan yang sering diajukan (FAQ) dan petunjuk pengguna dikembangkan, tetapi individu harus menemukan mereka dan mungkin tidak mengikuti mereka.'),
(739, 4, 34, 3, 'Pertanyaan dan insiden dilacak secara manual dan individu dimonitor, namun sistem pelaporan formal tidak ada.'),
(740, 4, 34, 3, 'Tanggapan yang tepat terhadap pertanyaan dan insiden tidak diukur dan insiden dapat pergi belum terselesaikan.'),
(741, 4, 34, 3, 'Pengguna telah menerima komunikasi yang jelas di mana dan bagaimana untuk melaporkan masalah dan insiden.'),
(742, 5, 34, 3, 'Ada pemahaman penuh dari manfaat dari proses manajemen insiden pada semua tingkat organisasi, dan fungsi meja layanan didirikan di unit organisasi sesuai. '),
(743, 5, 34, 3, 'Alat dan teknik yang otomatis dengan basis pengetahuan terpusat.'),
(744, 5, 34, 3, 'Anggota meja pelayanan staf erat berinteraksi dengan anggota masalah manajemen staf.'),
(745, 5, 34, 3, 'Tanggung jawab yang jelas, dan efektivitas dipantau. '),
(746, 5, 34, 3, 'Prosedur untuk berkomunikasi, meningkat dan menyelesaikan insiden ditetapkan dan dikomunikasikan.'),
(747, 5, 34, 3, 'Layanan personil meja dilatih, dan proses ditingkatkan melalui penggunaan tugas perangkat lunak khusus.'),
(748, 5, 34, 3, 'Manajemen mengembangkan metrik kinerja meja layanan.'),
(749, 6, 34, 3, 'Manajemen insiden proses dan fungsi pelayanan meja ditetapkan dan terorganisasi dengan baik dan mengambil orientasi layanan pelanggan dengan menjadi berpengetahuan, yang berfokus pada pelanggan dan membantu.'),
(750, 6, 34, 3, 'Metrik secara sistematis diukur dan dilaporkan. '),
(751, 6, 34, 3, 'Ekstensif, FAQ yang komprehensif merupakan bagian tidak terpisahkan dari basis pengetahuan.'),
(752, 6, 34, 3, 'Alat berada di tempat untuk memungkinkan pengguna untuk insiden diri mendiagnosa dan menyelesaikan.'),
(753, 6, 34, 3, 'Saran konsisten, dan insiden diselesaikan dengan cepat dalam proses eskalasi terstruktur. '),
(754, 6, 34, 3, 'Manajemen menggunakan alat terintegrasi untuk statistik kinerja proses manajemen insiden dan fungsi meja layanan.'),
(755, 6, 34, 3, 'Proses telah disempurnakan untuk tingkat praktek terbaik industri, berdasarkan hasil indikator kinerja menganalisis, perbaikan terus-menerus dan benchmarking dengan organisasi lain.'),
(756, 1, 35, 3, 'Manajemen tidak memiliki apresiasi terhadap manfaat memiliki proses di tempat yang mampu melaporkan dan mengelola infrastruktur TI, baik untuk perangkat keras atau konfigurasi perangkat lunak.'),
(757, 2, 35, 3, 'Kebutuhan untuk manajemen konfigurasi yang diakui. '),
(758, 2, 35, 3, 'Tugas manajemen konfigurasi dasar, seperti memelihara persediaan hardware dan software, dilakukan secara individual.'),
(759, 2, 35, 3, 'Tidak ada praktik standar didefinisikan.'),
(760, 3, 35, 3, 'Manajemen menyadari adanya kebutuhan untuk mengendalikan konfigurasi TI dan memahami manfaat dari informasi konfigurasi yang akurat dan lengkap, tetapi ada ketergantungan implisit pada pengetahuan tenaga teknis dan keahlian.'),
(761, 3, 35, 3, 'Alat manajemen konfigurasi sedang digunakan untuk tingkat tertentu, tetapi berbeda antara platform.'),
(762, 3, 35, 3, 'Selain itu, tidak ada praktek kerja standar yang ditetapkan. '),
(763, 3, 35, 3, 'Konfigurasi data konten terbatas dan tidak digunakan oleh proses yang saling terkait, seperti manajemen perubahan dan manajemen masalah.'),
(764, 4, 35, 3, 'Prosedur dan praktek kerja didokumentasikan, standar dan dikomunikasikan, tetapi pelatihan dan penerapan standar terserah individu. '),
(765, 4, 35, 3, 'Selain itu, alat manajemen konfigurasi yang sama sedang dilaksanakan di seluruh platform.'),
(766, 4, 35, 3, 'Penyimpangan dari prosedur tidak mungkin untuk dideteksi, dan verifikasi fisik dilakukan secara tidak konsisten.'),
(767, 4, 35, 3, 'Otomatisasi beberapa terjadi untuk membantu dalam melacak perubahan peralatan dan perangkat lunak.  '),
(768, 4, 35, 3, 'Data konfigurasi yang digunakan oleh proses saling terkait.'),
(769, 5, 35, 3, 'Kebutuhan untuk mengelola konfigurasi diakui di semua tingkat organisasi, dan praktik yang baik terus berkembang. '),
(770, 5, 35, 3, 'Prosedur dan standar dikomunikasikan dan dimasukkan ke dalam pelatihan, dan penyimpangan dimonitor, dilacak dan dilaporkan.\n'),
(771, 5, 35, 3, 'Alat otomatis, seperti teknologi push, yang digunakan untuk menegakkan standar dan meningkatkan stabilitas. '),
(772, 5, 35, 3, 'Konfigurasi sistem manajemen yang mencakup sebagian besar aset TI dan memungkinkan untuk manajemen rilis tepat dan kontrol distribusi. '),
(773, 5, 35, 3, 'Pengecualian analisis, serta verifikasi fisik, diterapkan secara konsisten dan akar penyebab mereka diselidiki.'),
(774, 6, 35, 3, 'Semua aset TI dikelola dalam sistem manajemen konfigurasi pusat yang berisi semua informasi yang diperlukan tentang komponen, antar hubungan mereka dan acara. '),
(775, 6, 35, 3, 'Data konfigurasi selaras dengan katalog vendor.'),
(776, 6, 35, 3, 'Ada integrasi penuh proses saling terkait, dan mereka menggunakan dan memperbarui data konfigurasi dalam mode otomatis.'),
(777, 6, 35, 3, 'Dasar laporan audit menyediakan hardware penting dan data perangkat lunak untuk penilaian perbaikan, layanan, garansi, upgrade dan teknis dari setiap unit individu.'),
(778, 6, 35, 3, 'Aturan untuk membatasi instalasi perangkat lunak yang tidak sah diberlakukan.'),
(779, 6, 35, 3, 'Manajemen perkiraan perbaikan dan upgrade dari laporan analisis, menyediakan upgrade terjadwal dan kemampuan teknologi penyegaran.'),
(780, 6, 35, 3, 'Aset pelacakan dan pemantauan individu aset TI melindungi mereka dan mencegah pencurian, penyalahgunaan dan pelecehan.'),
(781, 1, 36, 3, 'Tidak ada kesadaran akan perlunya untuk masalah mengelola, karena tidak ada diferensiasi masalah dan insiden. '),
(782, 1, 36, 3, 'Oleh karena itu, tidak ada usaha dilakukan untuk mengidentifikasi akar penyebab insiden.'),
(783, 2, 36, 3, 'Personil menyadari kebutuhan untuk mengelola masalah dan mengatasi penyebab yang mendasari.'),
(784, 2, 36, 3, 'Personil berpengetahuan Kunci memberikan sejumlah bantuan dengan masalah yang berkaitan dengan bidang keahlian mereka, tetapi tanggung jawab untuk pengelolaan masalah tidak ditugaskan.'),
(785, 2, 36, 3, 'Informasi tidak dibagi, sehingga penciptaan masalah tambahan dan hilangnya waktu produktif ketika mencari jawaban.'),
(786, 3, 36, 3, 'Ada kesadaran macam kebutuhan dan manfaat dari pengelolaan TI terkait masalah dalam kedua unit bisnis dan fungsi layanan informasi. '),
(787, 3, 36, 3, 'Proses resolusi berkembang ke titik di mana seorang individu penting yang bertanggung jawab untuk mengidentifikasi dan memecahkan masalah. '),
(788, 3, 36, 3, 'Informasi dibagi antara staf dengan cara yang informal dan reaktif. '),
(789, 3, 36, 3, 'Tingkat pelayanan kepada masyarakat pengguna bervariasi dan terhambat oleh tidak memadai, pengetahuan terstruktur tersedia kepada manajer masalah.'),
(790, 4, 36, 3, 'Kebutuhan sistem manajemen yang efektif masalah terpadu diterima dan dibuktikan dengan dukungan manajemen, dan anggaran untuk staf dan pelatihan yang tersedia.'),
(791, 4, 36, 3, 'Soal resolusi dan proses eskalasi telah distandarkan.'),
(792, 4, 36, 3, 'Pencatatan dan pelacakan masalah dan resolusi mereka terfragmentasi dalam tim respon, menggunakan alat yang tersedia tanpa sentralisasi. '),
(793, 4, 36, 3, 'Penyimpangan dari norma-norma atau standar cenderung tidak terdeteksi. '),
(794, 4, 36, 3, 'Informasi dibagi antara staf dengan cara proaktif dan formal.'),
(795, 4, 36, 3, 'Tinjauan manajemen insiden dan analisis identifikasi masalah dan resolusi terbatas dan informal.'),
(796, 5, 36, 3, 'Proses manajemen masalah dipahami di semua tingkatan dalam organisasi. '),
(797, 5, 36, 3, 'Tanggung jawab dan kepemilikan jelas dan mapan.'),
(798, 5, 36, 3, ' Metode dan prosedur yang didokumentasikan, dikomunikasikan dan diukur untuk efektivitas. '),
(799, 5, 36, 3, 'Mayoritas masalah diidentifikasi, dicatat dan dilaporkan, dan resolusi dimulai. '),
(800, 5, 36, 3, 'Pengetahuan dan keahlian dibudidayakan, dipelihara dan dikembangkan ke tingkat yang lebih tinggi, karena fungsi ini dipandang sebagai aset dan kontributor utama terhadap pencapaian tujuan TI dan peningkatan layanan TI.'),
(801, 5, 36, 3, 'Masalah manajemen ini terintegrasi secara baik dengan proses yang saling terkait, seperti insiden, ketersediaan perubahan, dan manajemen konfigurasi, dan pelanggan membantu dalam mengelola data, fasilitas dan operasi.'),
(802, 5, 36, 3, 'Tujuan dan metrik telah disepakati untuk proses manajemen masalah.'),
(803, 6, 36, 3, 'Proses manajemen masalah ini berkembang menjadi satu ke depan dan proaktif, memberikan kontribusi bagi tujuan TI. '),
(804, 6, 36, 3, 'Masalah diantisipasi dan dicegah. '),
(805, 6, 36, 3, 'Pengetahuan tentang pola-pola masalah masa lalu dan masa depan dipertahankan melalui kontak teratur dengan vendor dan ahli.'),
(806, 6, 36, 3, 'Pencatatan, pelaporan dan analisis masalah dan resolusi adalah otomatis dan terintegrasi dengan manajemen konfigurasi data.'),
(807, 6, 36, 3, 'Tujuan diukur secara konsisten. '),
(808, 6, 36, 3, 'Kebanyakan sistem telah dilengkapi dengan deteksi otomatis dan mekanisme peringatan, yang terus dilacak dan dievaluasi. '),
(809, 6, 36, 3, 'Proses manajemen masalah dianalisis untuk perbaikan terus-menerus berdasarkan analisis tindakan dan dilaporkan kepada pemangku kepentingan.'),
(810, 1, 37, 3, 'Data tidak diakui sebagai sumber daya perusahaan dan aset.'),
(811, 1, 37, 3, 'Tidak ada data kepemilikan ditugaskan atau akuntabilitas individu untuk data manajemen.'),
(812, 1, 37, 3, 'Kualitas data dan keamanan yang buruk atau tidak ada.');
INSERT INTO `process_statement` (`statement_id`, `maturity_model_id`, `process_id`, `domain_id`, `statement_name`) VALUES
(813, 2, 37, 3, 'Organisasi ini mengakui kebutuhan untuk manajemen data yang efektif.'),
(814, 2, 37, 3, 'Ada pendekatan ad hoc untuk menentukan persyaratan keamanan untuk manajemen data, tetapi tidak ada komunikasi formal prosedur di tempat.'),
(815, 2, 37, 3, 'Tidak ada pelatihan khusus pada manajemen data berlangsung. Tanggung jawab untuk manajemen data tidak jelas.'),
(816, 2, 37, 3, 'Backup/restorasi prosedur dan pengaturan pembuangan berada di tempat.'),
(817, 3, 37, 3, 'Kesadaran akan kebutuhan untuk manajemen data yang efektif ada di seluruh organisasi.'),
(818, 3, 37, 3, 'Data kepemilikan pada tingkat tinggi dimulai terjadi.'),
(819, 3, 37, 3, 'Keamanan persyaratan untuk pengelolaan data di dokumentasikan oleh individu kunci.'),
(820, 3, 37, 3, 'Beberapa monitoring dalam TI dilakukan kegiatan manajemen data kunci (misalnya, cadangan, restorasi, pembuangan).'),
(821, 3, 37, 3, 'Tanggung jawab untuk manajemen data informal ditugaskan untuk kunci TI anggota staf.'),
(822, 4, 37, 3, 'Kebutuhan manajemen data dalam TI dan seluruh organisasi dipahami dan diterima.'),
(823, 4, 37, 3, 'Tanggung jawab untuk data manajemen didirikan.'),
(824, 4, 37, 3, 'Data kepemilikan ditugaskan untuk pihak yang bertanggung jawab yang mengontrol integritas dan keamanan.'),
(825, 4, 37, 3, 'Data prosedur manajemen dijadikan formal dalam TI, dan beberapa alat untuk cadangan/restorasi dan pembuangan peralatan yang digunakan.'),
(826, 4, 37, 3, 'Beberapa pemantauan terhadap pengelolaan data di tempat.'),
(827, 4, 37, 3, 'Metrik kinerja dasar didefinisikan. Pelatihan untuk staf manajemen data yang muncul.'),
(828, 5, 37, 3, 'Kebutuhan manajemen data dipahami,dan tindakan yang diperlukan diterima dalam organisasi.'),
(829, 5, 37, 3, 'Tanggung jawab untuk data kepemilikan dan manajemen yang jelas, yang ditugaskan dan dikomunikasikan dalam organisasi.'),
(830, 5, 37, 3, 'Prosedur formal dan dikenal luas,dan pengetahuan bersama.'),
(831, 5, 37, 3, 'Penggunaan alat saat ini sedang muncul.'),
(832, 5, 37, 3, 'Tujuan dan indikator kinerja yang disepakati dengan pelanggan dan dipantau melalui proses yang jelas.'),
(833, 5, 37, 3, 'Pelatihan formal untuk anggota staf manajemen data di tempat.'),
(834, 6, 37, 3, 'Kebutuhan untuk pengelolaan data dan pemahaman dari semua tindakan yang diperlukan dipahami dan diterima dalam organisasi.'),
(835, 6, 37, 3, 'Kebutuhan masa depan dan persyaratan dieksplorasi secara proaktif.'),
(836, 6, 37, 3, 'Tanggung jawab untuk kepemilikan data dan manajemen data secara jelas ditetapkan,dikenal luas di seluruh organisasi dan diperbarui secara tepat waktu.'),
(837, 6, 37, 3, 'Prosedur formal dan dikenal luas,dan berbagi pengetahuan adalah praktek standar.'),
(838, 6, 37, 3, 'Alat canggih digunakan dengan otomatisasi maksimum data manajemen.'),
(839, 6, 37, 3, 'Tujuan dan indikator kinerja yang disepakati dengan pelanggan,terkait dengan tujuan bisnis dan konsisten dipantau menggunakan proses yang jelas.'),
(840, 6, 37, 3, 'Peluang untuk perbaikan terus menerus dieksplorasi.'),
(841, 6, 37, 3, 'Pelatihan untuk pengelolaan data anggota staf dilembagakan.'),
(842, 1, 38, 3, 'Tidak ada kesadaran akan kebutuhan untuk melindungi fasilitas atau investasi dalam sumber daya komputasi.'),
(843, 1, 38, 3, 'Faktor-faktor lingkungan, termasuk perlindunganapi, debu, kekuasaan, dan panas yang berlebihandan kelembaban, yang tidak dimonitor atau dikontrol.'),
(844, 2, 38, 3, 'Organisasi mengakui kebutuhan bisnis untuk menyediakan lingkungan fisik yang sesuai yang melindungi sumber daya dan personil terhadap bahaya buatan manusia dan alam. '),
(845, 2, 38, 3, 'Pengelolaan fasilitas dan peralatan tergantung pada keterampilan dan kemampuan individu kunci Personil dapat bergerak di dalam fasilitas tanpa pembatasan.'),
(846, 2, 38, 3, 'Manajemen tidak memonitor fasilitaskontrol lingkungan atau pergerakan personil.'),
(847, 3, 38, 3, 'Pengawasan lingkungan di implementasikan dan dimonitor oleh personil operasi.'),
(848, 3, 38, 3, 'Keamanan fisik merupakan proses informal,didorong oleh sekelompok kecil karyawan yang memiliki tingkat tinggi perhatian tentang mengamankan fasilitas fisik. '),
(849, 3, 38, 3, 'Prosedur fasilitas pemeliharaan tidak didokumentasikan dengan baik dan bergantung pada praktek yang baik dari beberapa individu.'),
(850, 3, 38, 3, 'Tujuan keamanan fisik yang tidak didasarkan pada standar formal, dan manajemen tidak menjamin bahwa tujuan keamanan tercapai.'),
(851, 4, 38, 3, 'Kebutuhan untuk mempertahankan lingkungan komputasi terkontrol dipahami dan diterima dalam organisasi.'),
(852, 4, 38, 3, 'Lingkungan kontrol, pemeliharaan preventif dan keamanan fisik adalah anggaran item disetujui dan dilacak oleh manajemen.'),
(853, 4, 38, 3, 'Pembatasan akses diterapkan, dengan personil hanya disetujui diperbolehkan akses ke fasilitas komputasi.'),
(854, 4, 38, 3, 'Pengunjung akan dicatat dan dikawal, tergantung pada individu.'),
(855, 4, 38, 3, 'Fasilitas fisik low-profile dan tidak mudah diidentifikasi.'),
(856, 4, 38, 3, 'Otoritas sipil memantau kepatuhan terhadap peraturan kesehatan dan keselamatan.'),
(857, 4, 38, 3, 'Risiko telah diasuransikandengan sedikit usaha untuk mengoptimalkan biaya asuransi.'),
(858, 5, 38, 3, 'Kebutuhan untuk mempertahankan lingkungan komputasi yang dikendalikan sepenuhnya dipahami, seperti terlihat dalam struktur organisasi dan anggaran alokasi.'),
(859, 5, 38, 3, 'Persyaratan keamanan lingkungan dan fisik didokumentasikan, dan aksessecara ketat dikontrol dan dipantau.'),
(860, 5, 38, 3, 'Tanggung jawab dan rasa ditetapkan dan dikomunikasikan.'),
(861, 5, 38, 3, 'Para anggota staf fasilitas sepenuhnya terlatih dalam darurat situasi,serta dalam praktek kesehatan dan keselamatan.'),
(862, 5, 38, 3, 'Mekanisme kontrol Standarisasi berada di tempat untuk membatasi akses ke fasilitas dan mengatasi faktor lingkungan dan keselamatan.'),
(863, 5, 38, 3, 'Manajemen memantau efektivitas pengendalian dan kepatuhan menetapkan standar.'),
(864, 5, 38, 3, 'Manajemen telah menetapkan tujuan dan metrik untuk mengukur pengelolaan lingkungan komputasi.'),
(865, 5, 38, 3, 'Pemulihan sumber daya komputasi dimasukkan ke dalam proses manajemen risiko organisasi yang terintegrasi informasi digunakan untuk mengoptimalkan cakupan asuransi dan biaya terkait.'),
(866, 6, 38, 3, 'Ada disepakati, rencana jangka panjang untuk fasilitas yang dibutuhkan untuk mendukung lingkungan komputasi organisasi.'),
(867, 6, 38, 3, 'Standar didefinisikan untuk semua fasilitas, meliputi pemilihan lokasi, konstruksi, menjaga, personil keamanan, sistem mekanik dan listrik, dan perlindungan terhadap faktor lingkungan (misalnya, kebakaran, pencahayaan, banjir).'),
(868, 6, 38, 3, 'Semua fasilitas yang diinventarisasi dan diklasifikasikan sesuai dengan proses manajemen yang sedang berlangsung organisasi risiko.'),
(869, 6, 38, 3, 'Akses secara ketat dikontrol atas dasar pekerjaan-kebutuhan dan dipantau terus menerus, dan semua pengunjung akan diantar setiap saat.'),
(870, 6, 38, 3, 'Lingkungan dipantau dan dikontrol melalui peralatan khusus, dan ruang peralatan telah menjadi ''tanpa awak''.'),
(871, 6, 38, 3, 'Goal tersebut konsisten diukur dan dievaluasi.'),
(872, 6, 38, 3, 'Program pemeliharaan pencegahan menegakkan ketaatan pada jadwal,dan tes rutin diterapkan untuk peralatan yang sensitif.'),
(873, 6, 38, 3, 'Strategi fasilitas dan standar selaras dengan layanan TI target ketersediaan dan terintegrasi dengan perencanaan kelangsungan bisnis dan manajemen krisis.'),
(874, 6, 38, 3, 'Manajemen tinjauan dan mengoptimalkan fasilitas yangmenggunakan tujuan dan metrik secara terus menerus, memanfaatkan peluang untuk meningkatkan bisnis kontribusi.'),
(875, 1, 39, 3, 'Organisasi tidak mencurahkan waktu dan sumber daya untuk pembentukan dasar TI dukungan dan kegiatan operasi.'),
(876, 2, 39, 3, 'Organisasi ini mengakui perlunya penataan fungsi TI dukungan.'),
(877, 2, 39, 3, 'Beberapa prosedur standar ditetapkan, dan kegiatan operasi yang reaktif?di alam.'),
(878, 2, 39, 3, 'Sebagian besar proses operasional secara informal dijadwalkan,dan permintaan pengolahan diterima tanpa validasi sebelumnya.'),
(879, 2, 39, 3, 'Komputer, sistem dan aplikasi pendukung proses bisnis sering terganggu, tertunda dan tidak tersedia.'),
(880, 2, 39, 3, 'Waktu hilang sementara karyawan menunggu untuk sumber daya.'),
(881, 2, 39, 3, 'Media keluaran kadang-kadang muncul di tempat-tempat tak terduga atau tidak sama sekali.'),
(882, 3, 39, 3, 'Organisasi ini menyadari peran kunci yang kegiatan operasional TI dalam menyediakan fungsi TI dukungan.'),
(883, 3, 39, 3, 'Anggaran untuk alat-alat yang dialokasikan berdasarkan kasus per kasus.'),
(884, 3, 39, 3, 'TI mendukung operasi bersifat informal dan intuitif.'),
(885, 3, 39, 3, 'Ada ketergantungan yang tinggi pada keterampilan dan kemampuan individu.'),
(886, 3, 39, 3, 'Instruksi yang meliputi apa yang harus dilakukan, kapan dan dalam rangka apa tidak didokumentasikan.'),
(887, 3, 39, 3, 'Beberapa pelatihan operator ada, dan ada beberapa standar operasional formal.'),
(888, 4, 39, 3, 'Kebutuhan untuk manajemen operasi komputer dipahami dan diterima dalam organisasi. '),
(889, 4, 39, 3, 'Sumber daya dialokasikan dan beberapa pelatihan on-the-job terjadi.'),
(890, 4, 39, 3, 'Fungsi berulang secara resmi ditetapkan, standar, didokumentasikan dan dikomunikasikan.'),
(891, 4, 39, 3, 'Peristiwa dan hasil tugas selesai dicatat, dengan pelaporan terbatas pada manajemen.'),
(892, 4, 39, 3, 'Penggunaan penjadwalan otomatis dan alat-alat lain diperkenalkan untuk membatasi intervensi operator. '),
(893, 4, 39, 3, 'Kontrol diperkenalkan untuk penempatan pekerjaan baru dioperasi.'),
(894, 4, 39, 3, 'Sebuah resmi kebijakan ini dikembangkan untuk mengurangi jumlah kejadian tak terjadwal.'),
(895, 4, 39, 3, 'Pemeliharaan dan perjanjian layanan dengan vendor masih bersifat informal.'),
(896, 5, 39, 3, 'Operasi komputer dan tanggung jawab dukungan yang jelas dan kepemilikan diberikan. '),
(897, 5, 39, 3, 'Operasi yang didukung melalui anggaran sumber daya untuk belanja modal dan sumber daya manusia.'),
(898, 5, 39, 3, 'Pelatihan formal dan berkelanjutan.'),
(899, 5, 39, 3, 'Jadwal dan tugas didokumentasikan dan dikomunikasikan, baik secara internal dengan fungsi TI dan ke pelanggan bisnis.'),
(900, 5, 39, 3, 'Hal ini dimungkinkan untuk mengukur dan memantau kegiatan sehari-hari dengan perjanjian kinerja standar dan tingkat layanan mapan.'),
(901, 5, 39, 3, 'Standar dan tingkat layanan mapan.'),
(902, 5, 39, 3, 'Setiap penyimpangan dari norma-norma yang dengan cepat diatasi dan diperbaiki.'),
(903, 5, 39, 3, 'Manajemen memonitor penggunaan sumber daya komputasi dan penyelesaian pekerjaan atau tugas yang diberikan.'),
(904, 5, 39, 3, 'Upaya berkesinambungan ada untuk meningkatkan tingkat otomatisasi proses sebagai sarana perbaikan terus-menerus.'),
(905, 5, 39, 3, 'Pemeliharaan formal dan perjanjian layanan ditetapkan dengan vendor.'),
(906, 5, 39, 3, 'Ada keselarasan penuh dengan masalah, kapasitas dan ketersediaan manajemen proses,didukung dengan analisis penyebab kesalahan dan kegagalan.'),
(907, 6, 39, 3, 'TI mendukung operasi yang efektif, efisien dan cukup fleksibel untuk memenuhi kebutuhan tingkat layanan dengan kehilangan produktivitas minimal.'),
(908, 6, 39, 3, 'Operasional proses manajemen TI adalah standar dan didokumentasikan dalam basis pengetahuan dan tunduk pada perbaikan terus menerus.'),
(909, 6, 39, 3, 'Otomatis proses yang sistem pendukung beroperasi mulus dan berkontribusi untuk lingkungan yang stabil.'),
(910, 6, 39, 3, 'Semua masalah dan kegagalan dianalisis untuk mengidentifikasi akar penyebab.'),
(911, 6, 39, 3, 'Pertemuan rutin dengan manajemen perubahan memastikan inklusitepat waktu perubahan jadwal produksi.'),
(912, 6, 39, 3, 'Dalam kerjasama dengan vendor, peralatan dianalisis untuk usia dan gejala kerusakan, dan pemeliharaan terutama pencegahan.'),
(913, 1, 12, 4, 'Organisasi tidak memiliki proses pemantauan dilaksanakan.'),
(914, 1, 12, 4, 'TI tidak secara independen melakukan pemantauan proyek atau proses.'),
(915, 1, 12, 4, 'Laporan yang berguna, tepat waktu dan akurat tidak tersedia.'),
(916, 1, 12, 4, 'Kebutuhan untuk tujuan proses dipahami dengan jelas tidak diakui.'),
(917, 2, 12, 4, 'Manajemen mengakui kebutuhan untuk mengumpulkan dan menilai informasi tentang proses pemantauan.'),
(918, 2, 12, 4, 'Standar pengumpulan dan penilaian proses belum teridentifikasi.'),
(919, 2, 12, 4, 'Pemantauan dilaksanakan dan metrik dipilih atas dasar kasus per kasus, sesuai dengan kebutuhan proyek TI khusus dan proses. '),
(920, 2, 12, 4, 'Pemantauan umumnya dilaksanakan reaktif terhadap suatu kejadian yang telah menyebabkan hilangnya beberapaatau malu kepada organisasi.'),
(921, 2, 12, 4, 'Fungsi akuntansi memonitor ukuran keuangan dasar untuk IT.'),
(922, 3, 12, 4, 'Dasar pengukuran yang akan dimonitor diidentifikasi.'),
(923, 3, 12, 4, 'Pengumpulan dan penilaian metode dan teknik ada, tapi proses tidak diadopsi di seluruh organisasi. '),
(924, 3, 12, 4, 'Interpretasi hasil pemantauan didasarkan pada keahlian individu kunci.'),
(925, 3, 12, 4, 'Alat Terbatas dipilih dan diimplementasikan untuk mengumpulkan informasi, tetapi pertemuan itu tidak didasarkan pada pendekatan yang direncanakan.'),
(926, 4, 12, 4, 'Manajemen berkomunikasi dan lembaga proses pemantauan standar.'),
(927, 4, 12, 4, 'Program pendidikan dan pelatihan untuk pemantauan adalah diimplementasikan.'),
(928, 4, 12, 4, 'Sebuah basis pengetahuan formal dari informasi kinerja historis dikembangkan.'),
(929, 4, 12, 4, 'Penilaian masih dilakukan di individu TI proses dan tingkat proyek dan tidak terintegrasi antara semua proses.'),
(930, 4, 12, 4, 'Alat untuk memonitor proses TI dan layanan tingkat didefinisikan.'),
(931, 4, 12, 4, 'Pengukuran kontribusi dari fungsi informasi layanan untuk kinerja organisasi adalah didefinisikan, dengan menggunakan kriteria keuangan dan operasional tradisional.'),
(932, 4, 12, 4, 'TI khusus kinerja pengukuran, pengukuran non-keuangan, pengukuran strategis, pengukuran kepuasan pelanggan dan tingkat layanan didefinisikan.'),
(933, 4, 12, 4, 'Kerangka didefinisikan untuk mengukur kinerja.'),
(934, 5, 12, 4, 'Manajemen mendefinisikan toleransi di mana proses harus beroperasi.'),
(935, 5, 12, 4, 'Pelaporan hasil pemantauan sedang standar dan dinormalisasi.'),
(936, 5, 12, 4, 'Ada integrasi metrik di semua proyek TI dan proses.'),
(937, 5, 12, 4, 'TI organisasi manajemen sistem pelaporan yang diformalkan.'),
(938, 5, 12, 4, 'Alat otomatis adalah organisasi yang terintegrasi dan leveraged luas untuk mengumpulkan dan memantau informasi operasional\naplikasi, sistem dan proses.'),
(939, 5, 12, 4, 'Manajemen dapat mengevaluasi kinerja berdasarkan disepakati kriteria disetujui oleh stakeholder.'),
(940, 5, 12, 4, 'Pengukuran TI berfungsi menyelaraskan dengan tujuan organisasi luas.'),
(941, 6, 12, 4, 'Sebuah proses peningkatan kualitas yang berkesinambungan dikembangkan untuk memperbarui standar organisasi pemantauan luas dan kebijakan dan menggabungkan praktik industri yang baik.'),
(942, 6, 12, 4, 'Semua proses pemantauan yang dioptimalkan dan mendukung tujuan organisasi yang luas.'),
(943, 6, 12, 4, 'Bisnis metrik didorong secara rutin digunakan untuk mengukur kinerja dan diintegrasikan ke dalam kerangka penilaian strategis, seperti TI seimbang scorecard.'),
(944, 6, 12, 4, 'Proses monitoring dan desain ulangberkelanjutan konsisten dengan rencana peningkatan bisnis prosesorganisasi yang luas.'),
(945, 6, 12, 4, 'Bench marking terhadap industri dan pesaing utama menjadi diformalkan, dengan dipahami dengan baik kriteria perbandingan.'),
(946, 1, 13, 4, 'Organisasi tidak memiliki prosedur untuk memantau efektivitas pengendalian internal.'),
(947, 1, 13, 4, 'Manajemen metode pengendalian pelaporan internal tidak ada. '),
(948, 1, 13, 4, 'Ada ketidaksadaran umum TI keamanan operasional dan jaminan pengendalian internal.'),
(949, 1, 13, 4, 'Manajemen dan karyawan memiliki keseluruhan kurangnya kesadaran pengendalian internal.'),
(950, 2, 13, 4, 'Manajemen mengakui kebutuhan untuk reguler manajemen TI dan jaminan kontrol.'),
(951, 2, 13, 4, 'Individu keahlian dalam menilai pengendalian internal kecukupan diterapkan secara ad hoc.'),
(952, 2, 13, 4, 'Manajemen TI belum secara resmi diberi tugas untuk memantau efektivitas pengendalian internal.'),
(953, 2, 13, 4, 'TI penilaian pengendalian internal dilakukan sebagai bagian dari audit keuangan tradisional, dengan metodologi dan keterampilan set yang tidak mencerminkan kebutuhan fungsi pelayanan informasi.'),
(954, 3, 13, 4, 'Organisasi menggunakan laporan pengendalian informal untuk memulai inisiatif tindakan korektif.'),
(955, 3, 13, 4, 'Penilaian pengendalian internal tergantung pada keterampilan set individu kunci.'),
(956, 3, 13, 4, 'Organisasi ini memiliki peningkatan kesadaran pemantauan pengendalian intern. informasi layanan manajemen melakukan pemantauan atas efektivitas dari apa yang dianggap tidak penting pengawasan internal secara teratur.'),
(957, 3, 13, 4, 'Metodologi dan alat untuk memantau pengendalian internal mulai digunakan, tetapi tidak didasarkan pada rencana.'),
(958, 3, 13, 4, 'Risiko spesifik untuk faktor-faktor Lingkungan TI diidentifikasi berdasarkan pada keterampilan individu.'),
(959, 4, 13, 4, 'Manajemen mendukung dan lembaga pengawasan internal kontrol.'),
(960, 4, 13, 4, 'Kebijakan dan prosedur yang dikembangkan untuk menilai dan melaporkan pada kegiatan pengendalian pengawasan internal.'),
(961, 4, 13, 4, 'Sebuah program pendidikan dan pelatihan untuk pemantauan pengendalian intern didefinisikan.'),
(962, 4, 13, 4, 'Sebuah proses didefinisikan untuk diri penilaian dan ulasan pengendalian internal jaminan, dengan peran untuk bisnis yang bertanggung jawab dan manajer TI.'),
(963, 4, 13, 4, 'Alat sedang digunakan tetapi tidak harus diintegrasikan ke dalam semua proses. '),
(964, 4, 13, 4, 'TI memproses risiko kebijakan penilaian yang digunakan dalam kerangka kontrol dikembangkan secara khusus untuk organisasi TI.'),
(965, 4, 13, 4, 'Proses spesifik risiko dan kebijakan mitigasi didefinisikan.'),
(966, 5, 13, 4, 'Manajemen mengimplementasikan kerangka kerja untuk IT pemantauan pengendalian intern.'),
(967, 5, 13, 4, 'Organisasi ini menetapkan tingkat toleransi untuk pengendalian internal proses pemantauan.'),
(968, 5, 13, 4, 'Alat diimplementasikan untuk standarisasi penilaian dan secara otomatis mendeteksi pengecualian kontrol.'),
(969, 5, 13, 4, 'Fungsi kontrol TI resmi internal didirikan, dengan profesional khusus danbersertifikat memanfaatkan kerangka kontrol formal didukung oleh manajemen senior.'),
(970, 5, 13, 4, 'Anggota staf TI terampil secara rutin berpartisipasi dalam penilaian pengendalian internal.'),
(971, 5, 13, 4, 'Sebuah metrik pengetahuan dasar untuk informasi historis pada pemantauan pengendalian internal didirikan.'),
(972, 5, 13, 4, 'Rekan ulasan untuk pemantauan pengendalian internal ditetapkan.'),
(973, 6, 13, 4, 'Manajemen menetapkan program organisasi peningkatan luasberkelanjutan yang memperhatikan pelajaran dan praktik industri yang baik untuk pemantauan pengendalian intern.'),
(974, 6, 13, 4, 'Organisasi menggunakan alat terintegrasi dan diperbarui, bila sesuai, yang memungkinkan penilaian yang efektif kritis TI kontrol dan deteksi cepat TI mengendalikan insiden pemantauan.'),
(975, 6, 13, 4, 'Berbagi pengetahuan khusus untuk fungsi layanan informasi secara resmi dilaksanakan.'),
(976, 6, 13, 4, 'Pembandingan terhadap standar industri dan praktek yang baik diformalkan.'),
(977, 1, 14, 4, 'Ada sedikit kesadaran persyaratan eksternal yang mempengaruhi TI, tanpa proses yang berkaitan sesuai dengan peraturan, hukum dan persyaratan kontrak.'),
(978, 2, 14, 4, 'Ada kesadaran tentang persyaratan kepatuhan terhadap peraturan, kontrak dan hukum yang berdampak pada organisasi.'),
(979, 2, 14, 4, 'Proses informal diikuti untuk menjaga kepatuhan, tapi hanya sebagai kebutuhan dalam proyek-proyek baru atau dalam menanggapi audit atau tinjauan.'),
(980, 3, 14, 4, 'Ada pemahaman tentang kebutuhan untuk memenuhi persyaratan eksternal, dan kebutuhan itu dikomunikasikan.'),
(981, 3, 14, 4, 'Mana kepatuhan adalah persyaratan berulang, seperti dalam peraturan keuangan atau undang-undang privasi, prosedur kepatuhan individu telah dikembangkan dan diikuti secara tahun ke tahun.'),
(982, 3, 14, 4, 'Ada, bagaimanapun, tidak ada pendekatan standar.'),
(983, 3, 14, 4, 'Ada ketergantungan yang tinggi pada pengetahuan dan tanggung jawab individu, dan kesalahan yang mungkin.'),
(984, 3, 14, 4, 'Ada pelatihan informal tentang kebutuhan eksternal dan masalah kepatuhan.'),
(985, 4, 14, 4, 'Kebijakan, rencana dan prosedur yang dikembangkan, didokumentasikan dan dikomunikasikan untuk memastikan kepatuhan terhadap peraturan dan kontrak dan kewajiban hukum, tetapi beberapa mungkin tidak selalu harus diikuti, dan beberapa mungkin telah kedaluwarsa atau tidak praktis untuk diterapkan.'),
(986, 4, 14, 4, 'Ada sedikit pemantauan dilakukan dan ada kepatuhan persyaratan yang belum ditangani.'),
(987, 4, 14, 4, 'Pelatihan diberikan dalam hukum eksternal dan peraturan yang mempengaruhi organisasi dan proses kepatuhan didefinisikan.'),
(988, 4, 14, 4, 'Standar proforma kontrak dan proses hukum ada untuk meminimalkan risiko yang terkait dengan kewajiban kontraktual.'),
(989, 5, 14, 4, 'Isu dan eksposur dari kebutuhan eksternal dan kebutuhan untuk memastikan kepatuhan pada semua tingkatan sepenuhnya dipahami.'),
(990, 5, 14, 4, 'Sebuah resmi skema pelatihan di tempat untuk memastikan bahwa semua anggota staff yang menyadari kewajiban kepatuhan mereka.'),
(991, 5, 14, 4, 'Tanggung jawab jelas dan kepemilikan proses dipahami.'),
(992, 5, 14, 4, 'Proses ini meliputi kajian lingkungan untuk mengidentifikasi kebutuhan eksternal dan berkelanjutan perubahan.'),
(993, 5, 14, 4, 'Ada mekanisme di tempat untuk memantau ketidakpatuhan terhadap persyaratan eksternal, menegakkan praktik internal dan mengimplementasikan tindakan korektif. '),
(994, 5, 14, 4, 'Ketidakpatuhan masalah dianalisis untuk akar permasalahan dengan cara yang standar, dengan tujuan untuk mengidentifikasi berkelanjutan solusi.'),
(995, 5, 14, 4, 'Standarisasi praktek internal yang baik dimanfaatkan untuk kebutuhan spesifik, seperti berdiri peraturan dan berulang layanan kontrak.'),
(996, 6, 14, 4, 'Sebuah proses yang terorganisasi dengan baik, efisien dan ditegakkan di tempat untuk memenuhi kebutuhan eksternal, berdasarkan pusat tunggal fungsi yang memberikan bimbingan dan koordinasi untuk seluruh organisasi.'),
(997, 6, 14, 4, 'Luas pengetahuan eksternal yang berlaku persyaratan, termasuk tren masa depan mereka dan perubahan yang diantisipasi, dan kebutuhan untuk solusi baru ada.'),
(998, 6, 14, 4, 'Organisasi ini mengambil bagian dalam diskusi kelompok eksternal dengan peraturan dan industri untuk memahami dan mempengaruhi persyaratan eksternal yang mempengaruhi mereka.'),
(999, 6, 14, 4, 'Baik praktek dikembangkan memastikan kepatuhan efisien dengan kebutuhan eksternal, sehingga sangat sedikit kasus kepatuhan pengecualian.'),
(1000, 6, 14, 4, 'Sebuah sistem, pusat organisasi pelacakan lebar ada,memungkinkan manajemen untuk mendokumentasikan alur kerjadan untuk mengukur dan meningkatkan kualitas dan efektivitas proses pemantauan kepatuhan.'),
(1001, 6, 14, 4, 'Sebuah kebutuhan eksternal penilaian diri adalah proses diimplementasikan dan disempurnakan ke tingkat praktek yang baik'),
(1002, 6, 14, 4, 'Gaya manajemen organisasi dan budaya yang berkaitan dengan kepatuhan adalah cukup kuat, dan proses yang dikembangkan cukup baik untuk pelatihan terbatas pada personil baru dan setiap kali ada signifikan perubahan.'),
(1003, 1, 15, 4, 'Ada kekurangan lengkap dari setiap proses tata kelola TI dikenali.'),
(1004, 1, 15, 4, 'Organisasi ini bahkan tidak mengakui bahwa ada masalah ditangani, maka, tidak ada komunikasi tentang masalah ini.'),
(1005, 2, 15, 4, 'Ada pengakuan bahwa TI isu-isu pemerintahan ada dan perlu ditangani.'),
(1006, 2, 15, 4, 'Ada ad hoc pendekatan yang dikenakan pada individu atau kasus per kasus.'),
(1007, 2, 15, 4, 'Pendekatan manajemen adalah reaktif, dan hanya ada sporadis, komunikasi tidak konsisten tentang persoalan dan pendekatan untuk mengatasinya.'),
(1008, 2, 15, 4, 'Manajemen hanya memiliki indikasi perkiraan bagaimana TImemberikan kontribusi terhadap kinerja bisnis.'),
(1009, 2, 15, 4, 'Manajemen hanya reaktif menanggapi insiden yang telahmenyebabkan beberapa kerugian atau malu kepada organisasi.'),
(1010, 3, 15, 4, 'Ada kesadaran TI isu-isu pemerintahan.'),
(1011, 3, 15, 4, 'Tata kelola TI kegiatan dan indikator kinerja, yang meliputi TI perencanaan, pengiriman dan pemantauan proses, sedang dalam pengembangan.'),
(1012, 3, 15, 4, 'Terpilih proses TI diidentifikasi untuk perbaikan berdasarkan individu keputusan. '),
(1013, 3, 15, 4, 'Manajemen mengidentifikasi pengukuran tata pemerintahan dasar IT dan metode penilaian dan teknik, namun, proses ini tidak diadopsi di seluruh organisasi.'),
(1014, 3, 15, 4, 'Komunikasi pada standar tata kelola dan tanggung jawab diserahkan kepada individu. '),
(1015, 3, 15, 4, 'Individu mendorong proses tata kelola dalam proyek-proyek TI berbagai dan proses. '),
(1016, 3, 15, 4, 'Proses, alat dan metrik untuk mengukur tata kelola TI yang terbatas dan tidak dapat digunakan untuk kapasitas penuh mereka karena kurangnya keahlian dalam fungsi mereka.'),
(1017, 4, 15, 4, 'Pentingnya dan kebutuhan tata kelola TI dipahami oleh manajemendan dikomunikasikan kepada organisasi.'),
(1018, 4, 15, 4, 'Sebuah dasar mengatur tata kelola TI indikator dikembangkan di mana hubungan antara ukuran hasil dan indikator kinerja ditetapkan dan didokumentasikan.'),
(1019, 4, 15, 4, 'Prosedur adalah standar dan didokumentasikan.'),
(1020, 4, 15, 4, 'Manajemen mengkomunikasikan prosedur standar, dan pelatihan didirikan.'),
(1021, 4, 15, 4, 'Alat diidentifikasi untuk membantu mengawasi tata kelola TI.'),
(1022, 4, 15, 4, 'Panel Kontrol didefinisikan sebagai bagian dari scorecard bisnis TI seimbang.'),
(1023, 4, 15, 4, 'Namun, itu diserahkan kepada individu untuk mendapatkan pelatihan, mengikuti standar dan menerapkannya.'),
(1024, 4, 15, 4, 'Proses dapat dipantau, tetapivpenyimpangan, sementara sebagian besar sedang ditindaklanjuti oleh inisiatif individu, tidak mungkin untuk dideteksi oleh manajemen.'),
(1025, 5, 15, 4, 'Ada pemahaman penuh masalah IT governance di semua tingkatan.'),
(1026, 5, 15, 4, 'Ada pemahaman yang jelas tentang siapa pelanggan, dan tanggung jawab didefinisikan dan dipantau melalui SLA. '),
(1027, 5, 15, 4, ' Tanggung jawab jelas dan kepemilikan proses didirikan.'),
(1028, 5, 15, 4, 'TI proses dan tata kelola TI selaras dengan dan diintegrasikan ke dalam bisnis dan strategi TI.'),
(1029, 5, 15, 4, 'Perbaikan proses TI adalah terutama didasarkan pada pemahaman kuantitatif, dan adalah mungkin untuk memantau dan mengukur kepatuhan dengan prosedur dan proses metrik.'),
(1030, 5, 15, 4, 'Semua stakeholder proses menyadari risiko, pentingnya TI dan peluang yang dapat menawarkan.'),
(1031, 5, 15, 4, 'pengelolaan mendefinisikan toleransi di mana proses harus beroperasi.'),
(1032, 5, 15, 4, 'Ada terbatas, terutama taktis, penggunaan teknologi, berdasarkan matang teknik dan alat-alat standar ditegakkan. '),
(1033, 5, 15, 4, 'Tata kelola TI telah diintegrasikan ke dalam perencanaan strategis dan operasional dan pemantauan proses.'),
(1034, 5, 15, 4, 'Indikator kinerja atas segala kegiatan pemerintahan TI sedang direkam dan dilacak, menyebabkan perusahaan- perbaikan.'),
(1035, 5, 15, 4, ' Akuntabilitas kinerja keseluruhan proses kunci adalah jelas, dan manajemen penghargaan berdasarkan kinerja utama'),
(1036, 6, 15, 4, 'Ada pemahaman lanjutan dan berpandangan ke depan TI isu-isu pemerintahan dan solusi.'),
(1037, 6, 15, 4, 'Pelatihan dan komunikasi didukung oleh terdepan konsep dan teknik.'),
(1038, 6, 15, 4, 'Proses ini disempurnakan ke tingkat praktik industri yang baik, berdasarkan hasil perbaikan terus-menerus dan pemodelan jatuh tempo dengan organisasi lain.'),
(1039, 6, 15, 4, 'Pelaksanaan kebijakan TI mengarah ke organisasi, orang dan proses yang cepat beradaptasi dan sepenuhnya mendukung kebutuhan TI pemerintahan.'),
(1040, 6, 15, 4, 'Semua masalah dan deviasi adalah akar penyebab dianalisis, dan tindakan efisien expediently diidentifikasi dan dimulai.'),
(1041, 6, 15, 4, 'TI digunakan dalam, luas terintegrasi dan dioptimalkan cara untuk mengotomatisasi alur kerja dan memberikan alat untuk meningkatkan kualitas dan efektivitas.'),
(1042, 6, 15, 4, 'Risiko dan imbalan dari Proses TI didefinisikan, seimbang dan dikomunikasikan di seluruh perusahaan. '),
(1043, 6, 15, 4, 'Ahli eksternal leverage dan benchmark yang digunakan untuk bimbingan.'),
(1044, 6, 15, 4, 'Pemantauan, penilaian diri dan komunikasi tentang harapan pemerintahan yang meresap dalam organisasi, dan ada penggunaan optimal teknologi untuk mendukung pengukuran, analisis, komunikasi dan pelatihan.'),
(1045, 6, 15, 4, 'Perusahaan pemerintahan dan TI pemerintahan secara strategis terkait, memanfaatkan teknologi dan sumber daya manusia dan keuangan untuk meningkatkan keunggulan kompetitif dari perusahaan.'),
(1046, 6, 15, 4, 'TI kegiatan pemerintahan yang terintegrasi dengan proses tata kelola perusahaan.');

-- --------------------------------------------------------

--
-- Table structure for table `project`
--

CREATE TABLE IF NOT EXISTS `project` (
  `project_id` int(11) NOT NULL AUTO_INCREMENT,
  `project_name` varchar(200) DEFAULT NULL,
  `full_name` varchar(100) DEFAULT NULL,
  `email` varchar(100) DEFAULT NULL,
  `project_date` timestamp NULL DEFAULT NULL,
  PRIMARY KEY (`project_id`)
) ENGINE=InnoDB  DEFAULT CHARSET=latin1 AUTO_INCREMENT=11 ;

--
-- Dumping data for table `project`
--

INSERT INTO `project` (`project_id`, `project_name`, `full_name`, `email`, `project_date`) VALUES
(8, 'Tata Kelola TI di STMIK AMIKOM Yogyakarta', 'Arif Laksito', 'arif_laksito@yahoo.com', '2012-10-17 10:36:50'),
(10, 'Perancangan Tata Kelola TI di STMIK AMIKOM Yogyakarta', 'Arif Laksito', 'arif.laksito@amikom.ac.id', '2012-10-17 20:24:57');

-- --------------------------------------------------------

--
-- Table structure for table `report`
--

CREATE TABLE IF NOT EXISTS `report` (
  `statement_id` int(11) NOT NULL,
  `audit_id` int(11) NOT NULL,
  `report_value` double NOT NULL,
  `report_date` datetime NOT NULL,
  `report_desc` text,
  PRIMARY KEY (`statement_id`,`audit_id`),
  KEY `fk_report` (`audit_id`)
) ENGINE=InnoDB DEFAULT CHARSET=latin1;

--
-- Dumping data for table `report`
--

INSERT INTO `report` (`statement_id`, `audit_id`, `report_value`, `report_date`, `report_desc`) VALUES
(477, 87, 0.33, '2012-11-03 08:40:03', NULL),
(478, 87, 0.33, '2012-11-03 08:40:04', NULL),
(479, 87, 0.66, '2012-11-03 08:40:10', NULL),
(480, 87, 0.33, '2012-11-03 08:40:19', NULL),
(481, 87, 0.33, '2012-11-03 08:40:19', NULL),
(482, 87, 0, '2012-11-03 08:40:23', NULL),
(483, 87, 0.66, '2012-11-03 08:40:29', NULL),
(484, 87, 0, '2012-11-03 08:40:34', NULL),
(485, 87, 0.33, '2012-11-03 08:40:40', NULL),
(486, 87, 0, '2012-11-03 08:40:43', NULL),
(487, 87, 0.33, '2012-11-03 08:40:44', NULL),
(488, 87, 0.66, '2012-11-03 08:40:49', NULL),
(489, 87, 0.33, '2012-11-03 08:40:52', NULL),
(490, 87, 0.33, '2012-11-03 08:40:53', NULL),
(491, 87, 0.33, '2012-11-03 08:40:56', NULL),
(492, 87, 0.66, '2012-11-03 08:41:01', NULL),
(493, 87, 0.66, '2012-11-03 08:41:02', NULL),
(494, 87, 0.66, '2012-11-03 08:41:17', NULL),
(495, 87, 0.33, '2012-11-03 08:41:18', NULL),
(496, 87, 0.33, '2012-11-03 08:41:21', NULL),
(497, 87, 0.33, '2012-11-03 08:41:56', NULL),
(498, 87, 0.66, '2012-11-03 08:42:01', NULL),
(499, 87, 0, '2012-11-03 08:42:04', NULL),
(500, 87, 0.33, '2012-11-03 08:42:06', NULL),
(501, 87, 0.66, '2012-11-03 08:42:12', NULL),
(502, 87, 1, '2012-11-03 08:42:13', NULL),
(503, 87, 0.33, '2012-11-03 08:42:16', NULL),
(504, 87, 1, '2012-11-03 08:42:19', NULL),
(505, 87, 0.66, '2012-11-03 08:42:23', NULL),
(539, 88, 0.66, '2012-11-05 10:49:49', NULL),
(540, 88, 0.33, '2012-11-05 10:49:51', NULL),
(541, 88, 0.33, '2012-11-05 10:49:54', NULL),
(542, 88, 0.66, '2012-11-05 10:49:55', NULL),
(543, 88, 0.66, '2012-11-05 10:49:56', NULL),
(544, 88, 1, '2012-11-05 10:49:57', NULL),
(545, 88, 0.66, '2012-11-05 10:49:59', NULL),
(546, 88, 0.66, '2012-11-05 10:50:00', NULL),
(547, 88, 0.33, '2012-11-05 10:50:01', NULL),
(548, 88, 0.33, '2012-11-05 10:50:01', NULL),
(549, 88, 0.33, '2012-11-05 10:50:03', NULL),
(550, 88, 0, '2012-11-05 10:50:04', NULL),
(551, 88, 0, '2012-11-05 10:50:04', NULL),
(552, 88, 0.33, '2012-11-05 10:50:07', NULL),
(553, 88, 0.66, '2012-11-05 10:50:08', NULL),
(554, 88, 0.66, '2012-11-05 10:50:08', NULL),
(555, 88, 0.66, '2012-11-05 10:50:11', NULL),
(556, 88, 0.66, '2012-11-05 10:50:13', NULL),
(557, 88, 0.66, '2012-11-05 10:50:13', NULL),
(558, 88, 0.33, '2012-11-05 10:50:21', NULL),
(559, 88, 0.33, '2012-11-05 10:50:21', NULL),
(560, 88, 0, '2012-11-05 10:50:22', NULL),
(561, 88, 0.66, '2012-11-05 10:50:23', NULL),
(562, 88, 0.66, '2012-11-05 10:50:24', NULL),
(563, 88, 1, '2012-11-05 10:50:26', NULL),
(564, 88, 0.33, '2012-11-05 10:50:27', NULL),
(565, 88, 0.66, '2012-11-05 10:50:30', NULL),
(566, 88, 0.33, '2012-11-05 10:50:30', NULL),
(567, 88, 0.33, '2012-11-05 10:50:31', NULL),
(568, 88, 0.66, '2012-11-05 10:50:32', NULL),
(569, 88, 0.33, '2012-11-05 10:50:33', NULL),
(570, 88, 1, '2012-11-05 10:50:35', NULL),
(571, 88, 0.66, '2012-11-05 10:50:36', NULL),
(572, 89, 0, '2012-11-05 10:59:13', NULL),
(573, 89, 0.33, '2012-11-05 10:59:14', NULL),
(574, 89, 0.33, '2012-11-05 10:59:15', NULL),
(575, 89, 0.33, '2012-11-05 10:59:16', NULL),
(576, 89, 0.33, '2012-11-05 10:59:16', NULL),
(577, 89, 0, '2012-11-05 10:59:17', NULL),
(578, 89, 0.33, '2012-11-05 10:59:17', NULL),
(579, 89, 0.33, '2012-11-05 10:59:19', NULL),
(580, 89, 0.66, '2012-11-05 10:59:19', NULL),
(581, 89, 0.33, '2012-11-05 10:59:20', NULL),
(582, 89, 0.33, '2012-11-05 10:59:21', NULL),
(583, 89, 0.66, '2012-11-05 10:59:23', NULL),
(584, 89, 0, '2012-11-05 10:59:24', NULL),
(585, 89, 0.33, '2012-11-05 10:59:26', NULL),
(586, 89, 0.33, '2012-11-05 10:59:26', NULL),
(587, 89, 0.33, '2012-11-05 10:59:27', NULL),
(588, 89, 0.66, '2012-11-05 10:59:28', NULL),
(589, 89, 0.33, '2012-11-05 10:59:29', NULL),
(590, 89, 0.66, '2012-11-05 10:59:29', NULL),
(591, 89, 0.33, '2012-11-05 10:59:31', NULL),
(592, 89, 0.33, '2012-11-05 10:59:33', NULL),
(593, 89, 0.33, '2012-11-05 10:59:35', NULL),
(594, 89, 0.66, '2012-11-05 10:59:36', NULL),
(595, 89, 0.66, '2012-11-05 10:59:37', NULL),
(596, 89, 0.66, '2012-11-05 10:59:37', NULL),
(597, 89, 0.33, '2012-11-05 10:59:38', NULL),
(598, 89, 0, '2012-11-05 10:59:39', NULL),
(599, 89, 0, '2012-11-05 10:59:40', NULL),
(600, 89, 0.33, '2012-11-05 10:59:42', NULL),
(601, 89, 0.66, '2012-11-05 10:59:43', NULL),
(602, 89, 0.33, '2012-11-05 10:59:45', NULL),
(603, 89, 0.33, '2012-11-05 10:59:46', NULL),
(604, 89, 0, '2012-11-05 10:59:46', NULL),
(605, 89, 0.33, '2012-11-05 10:59:47', NULL),
(606, 89, 0.66, '2012-11-05 10:59:48', NULL),
(607, 89, 0.33, '2012-11-05 10:59:49', NULL),
(608, 89, 0.33, '2012-11-05 10:59:51', NULL),
(609, 89, 0, '2012-11-05 10:59:52', NULL),
(610, 89, 0.66, '2012-11-05 10:59:53', NULL);

--
-- Constraints for dumped tables
--

--
-- Constraints for table `process`
--
ALTER TABLE `process`
  ADD CONSTRAINT `fk_process_domain` FOREIGN KEY (`domain_id`) REFERENCES `domain` (`domain_id`) ON DELETE NO ACTION ON UPDATE NO ACTION;

--
-- Constraints for table `process_audit`
--
ALTER TABLE `process_audit`
  ADD CONSTRAINT `fk_project_has_process_process1` FOREIGN KEY (`process_id`, `domain_id`) REFERENCES `process` (`process_id`, `domain_id`) ON DELETE NO ACTION ON UPDATE NO ACTION,
  ADD CONSTRAINT `fk_project_has_process_project1` FOREIGN KEY (`project_id`) REFERENCES `project` (`project_id`) ON DELETE NO ACTION ON UPDATE NO ACTION;

--
-- Constraints for table `process_statement`
--
ALTER TABLE `process_statement`
  ADD CONSTRAINT `fk_maturity_model_has_process_maturity_model1` FOREIGN KEY (`maturity_model_id`) REFERENCES `maturity_model` (`maturity_model_id`) ON DELETE NO ACTION ON UPDATE NO ACTION,
  ADD CONSTRAINT `fk_maturity_model_has_process_process1` FOREIGN KEY (`process_id`, `domain_id`) REFERENCES `process` (`process_id`, `domain_id`) ON DELETE NO ACTION ON UPDATE NO ACTION;

--
-- Constraints for table `report`
--
ALTER TABLE `report`
  ADD CONSTRAINT `fk_process_statement_has_process_audit_process_audit1` FOREIGN KEY (`audit_id`) REFERENCES `process_audit` (`audit_id`) ON DELETE NO ACTION ON UPDATE NO ACTION,
  ADD CONSTRAINT `fk_process_statement_has_process_audit_process_statement1` FOREIGN KEY (`statement_id`) REFERENCES `process_statement` (`statement_id`) ON DELETE NO ACTION ON UPDATE NO ACTION;

/*!40101 SET CHARACTER_SET_CLIENT=@OLD_CHARACTER_SET_CLIENT */;
/*!40101 SET CHARACTER_SET_RESULTS=@OLD_CHARACTER_SET_RESULTS */;
/*!40101 SET COLLATION_CONNECTION=@OLD_COLLATION_CONNECTION */;
